河北志宝文化传媒有限公司,56.0,1
北京上视之光影视科技有限公司,56.0,1
哥伦比亚影片公司,404754.47,15
联美电影公司,37614.2,1
MGM-International Dist. ,71420.29999999999,2
米高梅电影公司,216855.69999999998,5
Danjaq Productions ,54205.7,1
富士电视台,58878.92,2
威秀电影亚洲有限公司,219060.2,6
海宁亚细亚传媒有限公司,20000.8,1
上海大盈影视文化传播有限公司,177.0,1
中天集团（甘肃）,177.0,1
恩比理（上海）投资咨询有限公司,177.0,1
利川市龙船调影视传媒公司,177.0,1
中共利川市委宣传部,177.0,1
北京达智兴盛文化传媒有限公司,177.0,1
The Mark Gordon Company ,13688.44,1
北京泛亚视觉文化传播有限公司,3781.4,3
北京富宇世纪文化传媒有限公司,1379.9,2
上海鹏锦影视文化有限公司,1439.6000000000001,2
北京无限自在文化传播有限公司,3652.3,3
广西电影集团有限公司,3436.6,4
广西新农合投资发展有限公司,54.7,1
北京百思必达营销策划机构,54.7,1
西安索宝影视文化传媒有限公司,15616.699999999999,2
陕西中博投资集团,89.8,1
陕西大中博文化传媒有限公司,89.8,1
荷亭听雨（北京）文化发展有限公司,89.8,1
北京华映世纪民族电影电视剧制作中心,338.7,2
三亚嘉溢影视传媒有限公司,89.8,1
idg中国媒体基金,3673.68,2
凯擘影艺股份有限公司,4607.03,2
台湾凯擘影艺股份有限公司,244.23,1
台湾美升国际影业股份有限公司,244.23,1
台湾瀚草影视文化事业有限公司,244.23,1
台湾和宽摄影器材有限公司,244.23,1
四川峨影影视传播有限责任公司,49.2,1
成都宁歌文化传播有限公司,49.2,1
北京蓝白红文化传媒有限公司,49.2,1
深圳市金海岸影业有限公司,109325.4,6
美亚长城传媒（北京）有限公司,33492.96000000001,9
珠江影业传媒股份有限公司,162811.93,18
北京东方画面影业有限公司,22049.699999999997,4
北京综艺星皓文化传播有限公司,107608.9,3
北京文华东润投资有限公司,105012.8,2
九龙品天（北京）文化传播有限公司,909.89,2
渝乐（北京）文化传媒有限公司,452.3,1
相信音乐唱片公司,3687.83,3
美亚电影制作有限公司,33321.66,4
深圳同盈股权投资基金管理有限公司,42.7,1
深圳市美亚文化传播有限公司,42.7,1
深圳优美影视制作有限公司,42.7,1
浙江浙影年代文化传播有限公司,39.7,1
上海河马动画设计股份有限公司,6687.239999999999,6
湖南金鹰卡通有限公司,24252.85,6
上海炫动传播股份有限公司,123743.38999999997,25
上海视金石动画有限公司,3998.84,3
湖南电视台金鹰卡通卫视,21948.629999999997,5
上海全土豆网络科技有限公司,8667.9,4
西安一路阳光影视文化有限责任公司,5.1,1
陕西太和实业集团有限公司,5.1,1
香港银都机构有限公司,425917.26,31
寰宇娱乐有限公司,69234.1,11
北京春秋时代文化有限公司,93955.38,8
福建恒业影业有限公司,175105.20000000004,25
上海电影（集团）有限公司,446117.52999999985,30
北京西河星汇数字娱乐技术有限公司,222.2,1
国家新闻出版广电总局电影卫星频道节目制作中心,835954.93,75
电影频道节目制作中心,8680.7,3
北京三鸿门文化传播有限公司,31.1,1
北京三鸿门文化有限公司,31.1,1
大地时代电影文化传播(北京)有限公司,40692.46000000001,8
广州金逸影视传媒股份有限公司,343553.45,2
万达影视传媒有限公司,1161846.63,34
神州金马影视文化传媒,52.1,2
山东龙视天下传媒集团有限公司,40.5,1
20世纪福克斯电影公司,339561.38,8
TSG Entertainment ,106223.7,3
二十世纪福斯电影公司,130581.09999999999,2
漫威娱乐,204884.9,2
Donners' Company ,80267.9,1
Bad Hat Harry Productions ,80267.9,1
Mel's Cite du Cinema ,94544.65,3
Kinberg Genre ,80267.9,1
美国漫威影业公司,781714.9600000001,12
深圳一立动画影业有限公司,2777.4,1
深圳市马荣天使投资有限公司,2777.4,1
海莱坞影视发展有限公司,1676.5500000000002,4
浙江海缘影视有限公司,2031.4,5
华谊兄弟传媒股份有限公司,1322099.4000000001,43
英皇电影有限公司,304518.43,20
北京银梦影视艺术有限公司,29291.81,4
英皇电影发行（北京）有限公司,14982.0,4
太阳娱乐文化有限公司,337548.94000000006,26
北京世纪千和文化投资有限公司,11891.7,1
北京儒意欣欣影业投资有限公司,244867.86,8
山东嘉博文化发展有限公司,156291.28999999998,9
天津猫眼文化传媒有限公司,524105.68,9
业余时间影视投资有限公司,1907.1,1
河北玛西雅文化传播有限公司,1907.1,1
北京蓝钻文化传媒有限公司,50758.7,3
厦门美图网科技有限公司,1907.1,1
中辉华尚（北京）文化传播有限公司,1907.1,1
北京海华阳光影视文化传播有限公司,1907.1,1
北京银幕地带文化有限公司,92.4,1
香港寰亚电影有限公司,512244.13999999996,30
华谊兄弟国际有限公司,329717.05,12
湖南广播电视台,98845.88,4
安徽广播电视台,151510.17,6
重庆电影集团有限公司,201906.00000000003,13
一壹影视文化投资基金,137418.3,3
北京电视台,55374.1,5
上海尚世影业有限公司,207850.13,12
美亚娱乐资讯集团有限公司,52143.5,2
泽东电影公司,36102.5,3
华夏电影发行有限责任公司,512315.73000000004,62
盛唐时代文化传播有限公司,41498.9,4
广东雅信文化传播有限公司,66047.8,3
时代华娱影视传媒投资有限责任公司,35213.9,2
蓝色光标传播集团,28924.1,1
一壹国际影视文化传媒（北京）有限公司,40212.34999999999,7
西安银都电影发行有限公司,6289.8,1
北京市广播电影电视局,6289.8,1
北京盛唐时代文化传播有限公司,6623.900000000001,2
北京蓝色光标品牌管理顾问股份有限公司,6289.8,1
安乐（北京）电影发行有限公司,576802.2999999999,11
北京微影时代科技有限公司,568159.4199999999,22
天津联瑞影业有限公司,471710.94,5
天津突燃文化传媒有限公司,8773.0,2
北京金盛信马影视文化有限公司,2623.7,1
北京华谊兄弟创星娱乐科技股份有限公司,2623.7,1
大河影业扬州有限公司,2623.7,1
天津天马映像影业有限公司,2623.7,1
海南金盛信马影视文化有限公司,2623.7,1
上海乐不思蜀影视有限公司,2623.7,1
中国电影股份有限公司,208038.43000000002,9
幸福蓝海影视文化集团股份有限公司,2623.7,1
上海仁惠文化传播有限公司,11.7,1
华美星光文化艺术（北京）有限公司,11.7,1
江苏幸福蓝海影业有限责任公司,57340.5,6
南京市文化投资控股（集团）有限责任公司,705.4000000000001,3
南京毅刚文化传媒有限公司,205.0,1
南京启联科技有限公司,205.0,1
中共南京市委宣传部,205.0,1
江苏省文学艺术界联合会,205.0,1
南京加一点净化保健科技有限公司,205.0,1
江苏省广播电影电视局,205.0,1
联能传媒有限公司,2276.3,1
烟台市广播电视台,2276.3,1
上海银润传媒广告有限公司,4287.1,5
广州星慕文化发展机构,2276.3,1
青岛锦绣前程房地产开发有限公司,2276.3,1
北京泰耀文化工作室,2276.3,1
北京夏云飞国际影视文化有限公司,8.68,2
映代码（北京）文化传媒有限公司,66.9,3
南天艺合(北京)文化传播有限公司,6.9,1
华夏视听环球传媒（北京）有限公司,22699.5,2
萌影画（北京）文化传播有限公司,24222.6,2
金润集团,144.9,1
北京龙子鉴影视文化有限公司,144.9,1
世纪百年影业（天津）有限公司,63338.2,3
湖南广播电视台经视频道,238.3,1
北京万象传媒广告有限公司,5642.1,2
果实戏剧工作室,238.3,1
北京泰丰懿影视文化有限公司,759.3,2
北京惠景文化发展有限公司,688.0,1
北京中视广电经信影视文化中心,688.0,1
苏州影像巨魔影视投资管理有限公司,1100.6,2
北京天河盛宴国际文化传媒有限公司,8268.4,1
凯德盛世（北京）投资管理有限公司,8268.4,1
和云筹（北京）网络科技有限公司,8268.4,1
雪之梦（北京）影业有限公司,70.44,1
北京强强盛世文化发展有限公司,70.44,1
香港沙龙电影有限公司,3.8,1
刘氏国际影业有限公司,3.8,1
北京玲珑青文化传播有限公司,0.86,1
哥伦比亚电影制作（亚洲）有限公司,54054.1,2
北京不亦乐乎电影文化发展有限公司,51494.6,1
东阳一步到位影视有限公司,51494.6,1
无锡旗开得胜影视有限公司,51494.6,1
浙江金球影业有限公司,46373.5,3
欢瑞世纪影视传媒股份有限公司,187274.78,6
英皇（北京）文化发展有限公司,96100.3,6
浙江蓝天下影视传媒有限公司,106833.6,3
北京大千润彩文化发展有限公司,22852.5,1
派拉蒙影业公司,869945.8800000001,17
北京橙润影视文化有限公司,77.1,2
北京凯视芳华文化传播有限公司,1211.0,4
北京光耀天润广告有限公司,650.9,2
天津博德世纪影视传媒有限公司,570.9,1
深圳市华影投资有限公司,570.9,1
五洲电影发行有限公司,6972.1,1
北京华盖映月影视文化投资管理有限公司,127425.1,3
浙江宇佑影视传媒有限公司,6972.1,1
北京果然影视文化有限公司,59437.4,2
广州星型美影视制作有限公司,588.1,1
浙江华彰文化策划有限公司,600.9,2
广州市肯特人影视制作传播有限公司,588.1,1
新华展望传媒有限公司,15587.55,6
上海青曦文化传播有限公司,1425.0,1
北京九州同映数字电影院线有限公司,452.76,3
辽源关东盛京文化产业有限公司,1004.7,2
阿里巴巴影业集团有限公司,722581.2100000001,10
我们制作有限公司,142218.36000000002,7
我们亚博思电影发行（北京）有限公司,16162.86,1
上海极客文化传播有限公司,16162.86,1
北京嘉映影业有限公司,117521.27,4
极客影业（上海）有限公司,16162.86,1
霍尔果斯嘉美影业有限公司,16162.86,1
天恩娱乐有限公司,16162.86,1
亚博思文化传媒（北京）有限公司,16162.86,1
smg尚视影业,16162.86,1
北京中影传奇影视文化传媒有限公司,2981.6000000000004,3
北京古舍国际文化有限公司,1935.3000000000002,2
北京中影传奇影业,707.1,1
上海君画文化传播有限公司,707.1,1
宁夏金拓路文化传媒有限公司,707.1,1
北京中驰映象投资基金管理有限公司,707.1,1
北京翰林华哲文化传媒有限公司,707.1,1
云海济（北京）文化传播有限公司,707.1,1
北京天泽映画影视文化有限公司,1228.2,1
浙江永康冬青影业有限公司,2327.7,3
合一影业有限公司,736488.7999999999,26
杭州果麦文化传媒有限公司,109946.1,3
上海三次元影视传媒有限公司,154986.7,3
合一信息技术（北京）有限公司,73612.9,5
北京万合天宜影视文化有限公司,32232.2,1
上海亭东影业有限公司,32232.2,1
华人文化控股有限公司,51434.7,2
香港大地娱乐有限公司,435.01,1
天使之翼（北京）影视投资有限公司,435.01,1
阿里巴巴（杭州）文化创意有限公司,147142.75999999998,9
北京劳雷影业有限公司,103415.11,6
北京联瑞影业有限公司,272263.19999999995,4
上海格瓦商务信息咨询有限公司,380416.9,7
北京新京报传媒有限责任公司,136260.1,3
杭州传陞文化投资管理有限公司,14831.8,1
北电五度（北京）影视投资管理有限公司,14831.8,1
网易电影,14831.8,1
北京电影学院青年电影制片厂,130933.0,7
北京今典影业有限公司,1514.0800000000002,4
河南弘星影视传媒有限公司,86.2,2
弘星（北京）数字传媒有限公司,86.2,2
河南独立文化传播有限公司,3.2,1
中影星美电影院线有限公司,4508.37,3
江苏星海影视文化发展有限公司,474.77,1
中国广播艺术团,474.77,1
中影寰亚音像制品有限公司,55381.009999999995,8
北京海润影业有限公司,63941.35999999999,14
寰亚电影发行（北京）有限公司,155524.61,8
浙江艺能传媒股份有限公司,10352.0,2
北京百度糯米信息技术有限公司,32798.5,5
北京百度网讯科技有限公司,137988.6,3
爱奇艺影业（北京）有限公司,260171.94,21
寰亚电影制作有限公司,70504.81,2
银河映像,10041.5,1
Shanghai Hairun Film & TV Production ,10041.5,1
无锡灵动力量文化传媒有限公司,10041.5,1
格瓦拉电影,10041.5,1
灵魂力量,10041.5,1
海润影视集团,10041.5,1
深圳电影制片厂有限公司,10041.5,1
星美(北京)影业有限公司,149917.37,18
香港电影发展基金,6466.72,5
美纳影视有限公司,25.14,1
蘭发行团队,2382.4,1
长影集团有限责任公司,46720.9,7
江苏省广播电视总台优漫卡通卫视,63421.9,11
上海米家文化传播有限公司,4881.4,2
安乐影片有限公司,785389.1100000002,20
大众点评网,1224.1,1
广东环球数码动画制作有限公司,232.4,1
环球数码媒体科技研究（深圳）有限公司,5087.1,3
北京新影联影业有限责任公司,38038.700000000004,6
上海大万文化传播有限公司,3519.4,3
北京东方光魔影视文化有限责任公司,25714.2,4
四川诚城影视文化传播有限责任公司,15704.6,2
峨眉电影集团有限公司,88015.47999999998,25
上海炫映影视传播有限公司,553.05,2
上海聚力传媒技术有限公司,6702.35,3
上海共创文化传播有限公司,322.71,1
北京锐奇伟业国际文化传媒有限公司,265.21000000000004,2
武汉华宇丰文化发展有限公司,254.3,1
北京利久德长投资管理有限公司,254.3,1
香港影业国际有限公司,47634.9,2
寰亚影视发行（香港）有限公司,1028.3,1
华策影业（天津）有限公司,145423.81,14
合肥广电投资有限责任公司,16715.74,3
星汇天姬（北京）影视传媒有限公司,12381.4,2
北青传媒股份有限公司,29296.5,2
国盛影业（北京）有限公司,32283.499999999996,4
东莞星汇天姬影视传媒有限公司,12461.3,2
北京宝亿嵘影视传媒有限公司,130722.5,3
广东珠江电影集团有限公司,17998.0,2
成都挚友文化传播有限公司,15928.7,2
北京环球浩翔影视文化传媒有限公司,14480.0,2
北京影乐鑫海影视文化有限公司,389.26,1
威秀影业,231094.03,8
新线电影公司,276081.02,8
长春美辰影业有限公司,72.8,1
贵州人尹文化传媒有限公司,74.89999999999999,2
欣欣然（北京）文化传媒有限公司,74.89999999999999,2
永康枫海影业有限公司,8766.7,3
浙江王马影视传媒有限公司,72.8,1
贵州旅游集团,72.8,1
北京雨澄影视文化传媒有限公司,72.8,1
广东叁加壹文化传播有限公司,77.1,1
无锡广播电视集团,178.0,1
北京丝宾丝文化传媒有限公司,178.0,1
惠州同人同业投资管理有限公司,178.0,1
台北影业股份有限公司,5977.3,5
阿荣企业有限公司,5778.999999999999,5
库里电影股份有限公司,1668.3,1
广东二十一世纪传媒股份有限公司,1668.3,1
乐视影业（香港）有限公司,30719.699999999997,3
北京奇百奇文化传媒有限公司,14.3,1
莉凡姐妹影视文化传媒有限公司,14.3,1
河北中联影业院线有限责任公司,14.3,1
北京真心英雄国际影视文化传播有限公司,14.3,1
邯郸市峰峰矿区瑞鑫伟业物资有限责任公司,14.3,1
北京星宇华夏国际影视文化传媒有限公司,11.6,1
北京九天互动文化发展有限公司,11.6,1
北京电影制片厂,16.5,2
北京紫禁城影业有限责任公司,206165.64,12
北京永旭良辰文化发展有限公司,73986.16,6
北京果实创想影视文化有限公司,71958.73000000001,6
北京红色果实文化传播有限公司,392.3,1
稼轩环球影业有限公司,392.3,1
拉近影业有限公司,392.3,1
深圳前海潮润文化有限公司,392.3,1
奇想娱乐电影有限公司,392.3,1
北京拉近影业有限公司,392.3,1
星光国际传媒（集团）有限公司,54501.68,3
北京星光奥谱传媒有限公司,556.52,1
武汉常阳国际传媒有限公司,556.52,1
容丞和悦（北京）影视传媒投资有限公司,1300.72,2
北京中视汇影文化投资有限公司,48.4,1
广州塔秀动漫科技有限公司,432.2,1
广州金域投资有限公司,432.2,1
北京盛世德合国际文化传播有限公司,203.79999999999998,2
北京龙视百纳文化传媒有限公司,5.2,1
北京亚兿星空文化传媒有限公司,5.2,1
山东省泰安市广播电视台,425.2,1
森田传媒（北京）有限公司,425.2,1
狮门影业家庭娱乐公司,1516.26,1
北京一庙文化发展有限公司,91.4,1
中影（上海）国际文化传媒有限公司,734.9,2
乐在（北京）文化传播有限公司,49.3,1
山西影视（集团）有限责任公司,1105.6000000000001,5
肇庆天艺文化传媒有限公司,10.5,1
东莞市海尚文化传播有限公司,10.5,1
东莞东润文化传媒有限公司,10.5,1
承德非凡影视文化传媒有限责任公司,962.6899999999999,3
中毓北京文化传媒有限公司,61.29,1
中毓北京文化传媒有限公司玉树分公司,61.29,1
北京市民族文化交流中心,61.29,1
维码利得北京文化传播有限公司,61.29,1
北京中艺文昌文化传媒有限公司,61.29,1
北京合众影业文化发展有限公司,61.29,1
兰州浩发影视传媒有限公司,8.05,1
北京玖阳晟禾科技有限公司,53880.3,1
上海灿星文化传媒有限公司,301.6,1
浙江卫视电视台,301.6,1
上海满满额文化传播有限公司,458.3,2
万诱引力电影公司,144060.31,6
北京盛雅文化传媒有限公司,68.6,1
北京盛雅文化传播有限公司,68.6,1
云南民族电影制片厂,104.67999999999999,3
杭州和润影视有限公司,15473.1,5
北方联合影视集团有限公司,2609.69,5
唐城文化传媒股份有限公司,46.27,1
内蒙古巨典文化影视传媒有限公司,0.0,2
北京华录百纳影视股份有限公司,74149.46,6
兴扬电影有限公司,550.03,2
上海东锦文化传播有限公司,272.13,1
上海金艺华都影视投资有限公司,272.13,1
重庆享弘影视股份有限公司,74.19999999999999,3
北京大安映画文化传媒公司,12125.76,2
北京星光国际传媒有限公司,506.86,1
北京金鹰芒果映画国际文化传媒有限公司,506.86,1
北京派华文化发展有限公司,5.8,1
Silver Reel ,4797.8,2
乐视影业（北京）有限公司,742760.53,37
梦想者电影（北京）有限公司,68280.2,1
北京环球艺动影业有限公司,74722.06999999999,2
北京华章东信文化投资有限公司,68280.2,1
长江出版传媒股份有限公司,68280.2,1
北京恒乐鲸影视文化发展有限公司,68280.2,1
新疆丝路秀文化产业投资有限公司,68280.2,1
青岛出版集团有限公司,68280.2,1
通江浮古影视基金,68280.2,1
法国欧罗巴电影公司,21513.36,3
欧罗巴电影公司,15864.15,3
基美影业,5981.349999999999,2
Concept & Creation Mordicus Inc. ,5197.45,1
上海基美影业股份有限公司,24863.22,6
寻梦文化传媒（北京）有限公司,25.41,2
梦影时光（北京）文化传媒有限公司,50.0,2
山西创艺影视制片责任公司,31.3,1
中国电影家协会,2146.3,6
安徽博雅科贸有限公司,1.1,1
四川七国文化传播有限公司,0.0,1
广东润视影音制作有限公司,10738.7,1
北京云上太阳影视文化有限公司,20.06,1
索尼电影娱乐公司,50297.7,5
TriStar Productions ,9079.3,1
LStar Capital ,83028.03,3
ImageMovers ,9079.3,1
深圳市新原野娱乐传媒有限公司,17019.8,1
寰亚综艺娱乐集团有限公司,17019.8,1
ARD Degeto Film GmbH ,17019.8,1
湖南乐田电影媒体有限公司,685.97,4
卧虎藏龙国际文化传媒（北京）有限公司,1557.83,1
台湾得艺国际传媒股份有限公司,1598.23,2
Working Title Films ,17409.199999999997,3
电广传媒影业(北京)有限公司,249615.05000000005,12
北京完美星空传媒有限公司,76077.8,6
北京市电影股份有限公司,41443.5,2
上海七贤影视文化传媒有限公司,5359.17,3
北京欣卫文化发展有限公司,6880.5,2
北京光线影业有限公司,1391038.76,36
北京快乐新升文化传播有限公司,35313.4,2
黄渤工作室,305549.5,4
北京普林赛斯文化传播有限责任公司,267722.4,3
武汉数字领海电影科技有限责任公司,235.7,2
北京数字领海电影科技有限公司,491.5,2
北京赛轮伟业科技发展有限公司,226.1,1
北京影艺通影视文化传媒有限公司,127002.90000000001,2
北京真乐道文化传播有限公司,288135.6,2
北京星路志合文化传媒有限公司,0.0,1
红色凯歌（北京）文化传媒有限公司,9.4,3
秦皇岛众传广告传媒有限公司,0.0,1
北京宏成越天技术发展有限公司,118.73,1
北京康城腾达投资管理有限公司,118.73,1
北京万基文化传播有限公司,118.73,1
商丘市天元文化传播有限公司,25.9,1
鑫岳影业,649.2,2
北京凤仪文化传媒有限公司,70376.79999999999,2
正在电影制作有限公司,31527.12,3
工夫影业股份有限公司,210305.3,4
优酷土豆,116001.1,7
星光联盟文化发展（北京）有限公司,1628.6,3
东阳文瀚影视广告有限公司,433.5,1
浙江至诚果然文化发展有限公司,30465.5,2
天津磨铁娱乐有限公司,20469.36,2
霍尔果斯青春光线影业有限公司,86145.86,5
天津橙子映像传媒有限公司,78926.66,2
上海拾谷影业有限公司,41582.409999999996,2
天津磨铁星亚影视传媒有限公司,14043.06,1
霍尔果斯橙子映像传媒有限公司,14043.06,1
南京时间海影视文化传播有限公司,14043.06,1
上海合衷文化传播有限公司,12.8,1
北京星光灿烂影视文化有限公司,27817.1,3
北京麦特文化发展有限公司,227377.58000000005,14
青年电影制片厂,6906.3,6
北京追踪者文化传媒有限公司,5653.3,1
Bazelevs Production ,6008.92,1
Mindstream Productions ,6008.92,1
千年影业,67204.9,9
Gerard Butler Alan Siegel Entertainment ,2066.0,1
LHF Film ,2066.0,1
北京白泽国际影业有限责任公司,3.8,1
大连东方瑞迪文化传媒有限公司,0.9,1
大连瑞盈游艇制造有限公司,0.9,1
北京微妙文化传媒有限公司,35351.1,1
上海伟懋影视文化有限公司,35351.1,1
海宁嘉行天下影视文化有限公司,51304.1,2
北京海不扬波影视文化有限公司,35351.1,1
北京环影华艺文化传媒有限公司,515.2,4
东莞市捌毫米影视制作有限公司,0.0,1
深圳星海映像文化传播有限公司,0.0,1
北京申开影视文化有限公司,8.8,1
湖北嘉颐文化传播有限公司,63.6,1
浙江天凰影视文化有限公司,63.6,1
TF1 Films Productions ,1826.57,2
法国第4电视台,1826.57,2
邵氏兄弟（香港）有限公司,190438.61000000002,5
天下一电影制作有限公司,90977.21,3
北京龙乐东方影视文化传媒有限公司,63154.11,6
星美影业有限公司,60463.31,1
霍尔果斯春天融合传媒有限公司,148767.31,2
北京烈火影业有限公司,60463.31,1
上海克顿文化传媒有限公司,60463.31,1
安培林娱乐,252550.49999999997,3
传奇影业,582189.9,10
环球影业公司,773925.1199999999,14
厦门皓月文化传媒有限公司,988.6,5
四川峨眉电影音像有限公司,0.1,1
成都白屋文化传播有限公司,0.1,1
河北领头羊影视传媒有限公司,269.0,2
北京乐视天一文化传播有限公司,188.2,1
八一电影制片厂,164833.68000000002,27
北京小马奔腾文化传媒股份有限公司,286359.76,10
上海凯羿影视传播有限公司,16688.579999999998,10
云文（北京）影业投资有限责任公司,12730.720000000001,5
北京金尊天悦文化传播有限公司,9.2,1
青岛金亿丰投资集团有限公司,9.2,1
北京中广蚨岛文化传媒有限公司,9.2,1
北京文交联合投资有限公司,9.2,1
北京锦心鼎力文化传媒有限公司,77.1,2
北京嘉合映画影视文化传媒有限公司,4.9,2
贵州铜仁市文体广电新闻出版局,0.0,1
贵州铜仁市万山区人民政府,0.0,1
松桃九龙民族文化旅游开发有限公司,0.0,1
北京泽西年代影业有限公司,8300.46,6
北京广电新视点电视节目制作中心,361.07,1
龙行盛业国际文化传媒（北京）有限公司,361.07,1
Plus One Rentals ,10096.5,1
华星天诚(北京)国际文化发展有限公司,120.42,1
玲珑视界文化传媒（北京）有限公司,120.42,1
无锡金视影视制作有限公司,364.7,2
北京润盛嘉和文化传媒有限公司,70.3,1
唐山润盛嘉和影视传媒有限公司,70.3,1
新疆电视台,0.5,1
陕西杨家将影视文化有限责任公司,376.6,1
北京诚成时代国际文化发展有限公司,376.6,1
北京烽云兴源文化传媒有限公司,376.6,1
天津北方电影集团,12833.53,12
北京世纪彩蝶动画制作有限公司,4538.29,2
天津广播电视台,9609.9,2
北京陆谊久影影视文化传媒有限公司,2973.0,1
北京电影学院,2012.29,2
中钞国鼎投资有限公司,1565.29,1
昆山张浦好山水动画有限公司,265.4,1
鄂尔多斯市恒奇达文化传媒有限公司,265.4,1
中国人民解放军后勤保障部金盾影视中心,73.8,1
中国人民解放军总后勤保障部金盾影视中心,73.8,1
中易泓德（北京）文化传媒有限公司,73.8,1
山西子墨春秋影视文化有限公司,73.8,1
852电影制作有限公司,78.7,1
大名娱乐,78.7,1
武汉银都文化传媒股份有限公司,3507.7,1
上海海上影业影视制作有限公司,103529.05,2
浙江淘宝网络有限公司,50116.9,4
红色树林文化传媒（北京）有限公司,332.1,1
金马伯乐亚洲影视文化传媒（北京）有限公司,332.1,1
湖北黄冈广电数字传媒有限公司,3145.4,2
北京二十一世纪威克影业投资有限公司,18396.4,2
安徽华星传媒投资有限公司,18118.5,1
深圳市美梦人生文化发展有限公司,18118.5,1
骄阳电影有限公司,9240.369999999999,5
福斯国际制作公司,34554.87,4
杭州寰耀影视文化传媒有限公司,1196.8,2
杭州热气球影视文化传媒有限公司,616.7,2
尚品电影有限公司,8614.07,1
香港天马电影出品有限公司,178011.50999999998,13
天马影联影视文化（北京）有限公司,117017.47,7
上海合禾影视投资有限公司,114167.73,6
福建西岸传媒发展有限公司,161.7,1
北京连亚方舟影视娱乐有限公司,161.7,1
形创幻维（北京）文化传播有限公司,9.9,1
华视影视投资（北京）有限公司,83118.70000000001,4
深圳善为影业股份有限公司,25072.96,3
天津华谊兄弟卖座网电影发行有限公司,654.4,1
浙江自在影业有限公司,976.0999999999999,2
北京世纪华映文化传媒有限公司,654.4,1
好好影业中国有限公司,654.4,1
创意光年有限公司,654.4,1
北京好好影业有限公司,1736.6999999999998,2
光环影业有限公司,654.4,1
华橙影业(北京)有限公司,654.4,1
杭州诗情画意文化传媒有限公司,236.5,1
星汇天姬（北京）电影投资有限公司,17716.620000000003,2
东阳腾远影视传媒有限公司,13382.28,1
安徽广电传媒产业集团有限责任公司,54305.46,2
绍兴盛夏影视文化投资有限公司,18417.620000000003,3
深圳智尚影视投资有限公司,18920.020000000004,3
Exclusive Media Group ,90941.66,2
Sycamore Pictures ,2027.1,1
共青团中央网络影视中心,419.2,3
中舜影业有限公司,76.3,1
北京果然精彩文化传媒有限公司,76.3,1
重庆市久来文化传媒有限公司,30.1,1
CLOVER FILMS PTE. LTD ,1.8,1
G & J CREATION PRIVATE LIMITED ,1.8,1
四叶草电影有限公司,1.8,1
雄厚创作室,1.8,1
禾木恩泽文化传媒(北京）有限公司,767.6,2
北京时代影响力影视文化有限公司,1525.4,3
优美力创（北京）文化传媒有限公司,535.2,1
北京柒影文化传媒有限公司,535.2,1
上海汀澜生物科技有限公司,535.2,1
天昌投资集团,1147.9,1
新影响文化投资集团,1147.9,1
广西天昌投资有限公司,1147.9,1
长景路电影工作室,1147.9,1
Giraffe Pictures ,1147.9,1
江苏荣耀文化教育有限公司,0.0,1
百思诚文化传媒（北京）有限公司,33.1,2
北京艺杰映画文化传媒有限公司,33.1,2
重庆银美影业传媒有限公司,33.1,2
辉煌连线（北京）国际文化传媒有限公司,33.1,2
重庆美电传媒有限公司,33.1,2
北京嘉瀚影视文化传播有限公司,33.1,2
中盟世纪（北京）传媒有限公司,14269.6,1
宇际星海传媒,30641.2,4
中盟世纪（北京）投资有限公司,14269.6,1
北京时代先锋影艺投资有限公司,14269.6,1
青岛凤凰影视传媒,14269.6,1
蓝天工作室,183033.33000000002,8
20th Century Fox Animation ,138323.63000000003,7
20世纪福斯家庭娱乐电影公司,44554.41,1
北京宸铭影视文化传媒有限公司,83614.2,6
引力影视投资有限公司,156290.8,7
福星全亚文化传媒（上海）有限公司,10078.0,4
上海乐在其中影视传播有限公司,5326.3,2
北京瑞格嘉尚文化传播有限公司,5313.3,2
北京佟悦名新文化传媒有限公司,4320.0,1
嘉铭影业,4320.0,1
江苏朱瓷影业有限公司,4320.0,1
北京金亿乾坤影视文化传媒有限公司,46.8,2
东北亚(肇东)文化创意有限公司,5.3,1
莫斯科亚历山大利特维诺夫影视制片公司,5.3,1
东方金鹏（北京）文化传媒有限公司,5.3,1
肇岳山(肇东)影视文化传媒有限公司,5.3,1
中国电影集团公司,389123.63,18
华特·迪斯尼影片公司,370865.35000000003,12
邵氏影城香港有限公司,18655.0,2
西安曲江宏梦卡通影视文化传播有限公司,110.1,1
湖南蓝猫动漫传媒有限公司,110.1,1
北京溢通导明文化传播有限公司,1328.88,3
影视点制作有限公司,491.6,1
国影宣文化传媒（北京）有限公司,512.0,2
北京恒元影视文化传媒有限公司,7.7,2
中网宣（北京）文化传媒有限公司,7.7,1
聊城市委宣传部,7.7,1
中国行为法学会廉政行为研究会,7.7,1
北京力乙山文化传媒有限公司,285.4,1
合肥橙空文化传播有限公司,285.4,1
北京名雅飞天影视文化传播有限公司,1247.71,4
北京猎海影视有限公司,14.610000000000001,2
云南省曲靖市百灵影视有限公司,12.21,1
北京华艺乐彰影视投资管理有限公司,754.8,1
北京灏鑫上元影视文化传媒有限公司,84.19,1
上海竺灿文化投资有限公司,84.19,1
小马时代（北京）文化传媒有限公司,18.1,1
热烈工作室有限公司,1543.1,3
韩国希杰娱乐株式会社,30447.269999999997,5
北京文传世纪国际广告有限公司,19284.8,1
北京世纪乐成文化传媒有限公司,55890.399999999994,2
橙子映像,66544.9,1
深圳迅雷网络技术有限公司,930.28,2
重庆蓝海世纪影业有限公司,7.8,1
北京龙苑堂文化艺术有限公司,88882.8,3
北京乾坤星光文化传播有限公司,15801.7,2
顶峰娱乐公司,159166.08000000002,9
狮门影业公司,197289.15999999997,13
Red Wagon Productions ,12206.3,1
Soho VFX ,12206.3,1
Animal Logic ,12206.3,1
Red Wagon Entertainment ,12206.3,1
狮门影业,86442.09999999999,3
顶峰娱乐,76087.9,2
香港电视广播有限公司,56685.9,3
银都机构有限公司,3046.1,2
邵氏影城有限公司,3025.4,1
广州连乐文化传播有限公司,3025.4,1
汇骏娱乐有限公司,3025.4,1
北京源石影视文化有限公司,3025.4,2
北京源石影视文化有限公,3025.4,1
淮安市淮阴区人民政府,18.1,1
江苏华娱动力传媒科技有限公司,18.1,1
北京新表现影视文化传播有限公司,61.46,1
杭州同方联合影业集团有限公司,3533.03,2
Wilco Japan Inc. ,61.46,1
北京德俊文化发展有限公司,225.8,1
东阳秋水堂影视有限公司,225.8,1
广州知星影视文化有限公司,117.0,1
星睿影视文化传媒（北京）有限公司,117.0,1
君艺尚（北京）文化传媒有限公司,41.5,1
恒嘉天晟（北京）影业,41.5,1
上海锐色文化传播有限公司,41.5,1
北京东方每日文化传媒有限公司,41.5,1
北京星耀龙福（国际）文化传播有限公司,41.5,1
北京青山不老文化发展有限公司,41.5,1
出品公司有恒嘉天晟（北京）影业,41.5,1
浙江强视传媒股份有限公司,1188.8,1
北京强视文化发展有限公司,1188.8,1
叮咚长响（北京）文化传媒有限公司,1.7,1
北京华影金孔雀文化传媒有限公司,3.2,2
中视奥美（北京）文化传媒有限公司,1.7,1
香港影王朝有限公司,19364.379999999997,4
北京橙天嘉禾影视制作有限公司,70001.88,6
河南电影制片厂,3217.94,6
大地时代电影发行（北京）有限公司,43914.2,5
浙江横店电影发行有限公司,8113.6,2
北京天生之道文化艺术有限公司,1293.6,1
上海忧创影视文化有限公司,1293.6,1
安徽电影集团（安徽电影制片厂）,16902.18,4
安徽五星东方影视投资有限公司,72.8,1
北京文睿众合文化传媒有限公司,11.0,1
神画制作有限公司,60.0,2
中国梦电影文化产业有限公司,41336.9,3
光点影业股份有限公司,6140.2,1
北京摩天轮文化传媒有限公司,219268.09999999998,10
北京每日视界先锋数码图像制作有限公司,822.9,1
北京每日视界影视动画股份有限公司,822.9,1
北京文化—摩天轮文化传媒,822.9,1
新圣堂（天津）文化,25199.7,1
乐华娱乐,144171.28000000003,5
北京隽扉世纪文化传播有限公司,13136.5,2
天津金润文华传媒有限公司,12967.9,1
北京网秦天下科技有限公司,12967.9,1
致远博翱影业（北京）有限公司,12967.9,1
广州盛世华映文化传播有限公司,50.15,3
贵州盛世华映传媒有限公司,45.1,2
剑河县仰阿莎旅游投资开发有限责任公司,24.8,1
中共剑河县委,24.8,1
剑河县人民政府,24.8,1
贵州剑河县清水江畔房地产开发有限责任公司,24.8,1
贵州红遍天古典家具有限责任公司,24.8,1
重庆夏坤建设（集团）有限公司,24.8,1
贵州剑河园方林业投资开发有限公司,24.8,1
贵州凯里金泰房地产开发有限责任公司,24.8,1
黔东南州旅游局,24.8,1
北京完美影视传媒股份有限公司,75338.42,5
海宁聚光灯影业有限公司,14114.5,2
华视网聚（常州）文化传媒有限公司,6149.3,1
北京华美时空文化传播有限公司,6149.3,1
凯擘香港有限公司,6149.3,1
星辉海外有限公司,341699.3,2
北京汗腾格里影视文化交流有限公司,30.2,1
北京景鸿影业投资有限公司,67.1,1
美国kfm制作有限公司,67.1,1
北京汉腾格里影视文化交流有限公司,114.61,2
北京天星兄弟影视文化有限公司,604.3,2
四川泸州天星影视艺术专修学院,604.3,2
山西电影制片厂(有限公司),3013.35,8
美国梦工厂影片公司,447029.13,11
上海众明优影影视文化传媒有限公司,100176.1,1
上海东方梦工厂文化传播有限公司,100176.1,1
哈尔滨松松文化发展有限公司,144.8,1
哈尔滨智慧动画艺术有限公司,144.8,1
印度科瑞恩电影公司,990.3,1
千年电影公司,42079.76,3
上海电视传媒有限公司,241.29,1
北京卡酷动画卫视,79041.01,19
北京郑致光三维动画设计有限公司,241.29,1
卢特基尔希卡通电影公司,241.29,1
德国玛宝影业有限公司,241.29,1
北京飞天唐自头影视文化发展有限公司,9.2,1
北京凤凰联动影视文化传播有限公司,80796.90000000001,4
上海汉涛信息咨询有限公司,58849.3,1
绍兴新锐传媒影视文化发展有限公司,668.3,1
上海广角镜影视文化传播有限公司,668.3,1
北京中联传动影视文化有限公司,103992.65999999999,5
深圳二十一世纪威克影视传媒有限公司,2457.1,2
秋风文化发展（北京）有限公司,1905.2,1
二十一世纪威克影视传媒（天津）有限公司,1905.2,1
克诺影视传媒（北京）有限公司,2456.2,2
四川星空影视文化传媒有限公司,1905.2,1
中共北京市委宣传部,3324.6,2
北京市新闻出版广电局,3324.6,2
北京广播电视台,0.4,1
北京电视艺术中心有限公司,0.4,1
北京歌华有线电视网络股份有限公司,6726.73,3
上海骋亚影视文化传媒有限公司,116669.6,2
浙江蓝巨星国际传媒有限公司,252919.80000000002,4
北京诺丁山文化传播有限公司,42106.6,2
省广合众（北京）国际传媒广告有限公司,40553.1,1
北京数字印象文化传播有限公司,350369.13,5
北京和禾和文化传媒有限责任公司,136476.72,3
东阳盟将威影视文化有限公司,98212.2,2
上海腾讯企鹅影业文化传播有限公司,186792.69999999998,4
北京佳文映画文化传媒有限责任公司,78669.7,1
霍尔果斯不二文化传媒有限公司,78669.7,1
北京天华华文影视投资有限公司,167584.26,2
蓝色星空影业有限公司,96193.98999999999,3
浙江影视集团有限公司,78669.7,1
北京佳文映画文化传媒有限公司,78669.7,1
浙江天光地影影视制作有限公司,418.4,2
中共云南省委宣传部,246.7,1
中共红河州委宣传部,246.7,1
中共弥勒市委宣传部,246.7,1
北京艾美斯特影视文化有限公司,333.0,1
贵州都市虎子传媒有限责任公司,333.0,1
天津全景影业投资有限公司,2766.0,1
上海电影（集团）电视剧制作有限公司,58.3,1
上海亚太影视公司,58.3,1
大路视听制作有限公司,394.7,1
有妖气原创漫画梦工厂,11981.9,1
拾万电影制作有限公司,128.3,1
北京聚本文化传媒有限公司,1396.9,1
成龙英皇影业有限公司,159494.0,2
北京唐德国际文化传媒有限公司,306262.76,6
北京耀莱国际文化产业有限公司,92134.12,2
东阳一房子影视制作有限公司,88113.4,1
安徽同人文化传播有限公司,59.4,1
青岛凤凰世纪传媒有限公司,358.48,3
青岛市电影发行放映公司,253.07999999999998,2
广州长长影视文化有限公司,44718.14,4
博智影业文化传媒（北京）有限公司,4896.2,2
太阳亚洲集团有限公司,4261.7,1
中国3d数码娱乐有限公司,4261.7,1
北京昊月星涛体育文化传播有限公司,4261.7,1
中视远方（北京）文化传媒有限公司,16.7,1
香港基金电影公司,840.6,1
上海华宇电影股份有限公司,4255.58,4
上海祥盛影视制作发行有限公司,955.28,2
湖北省电影发行放映总公司,8333.48,4
北京自由高度传媒广告有限公司,104.1,1
上海天幕星映文化传媒有限公司,792.6,2
武汉传奇人影视艺术有限公司,37367.18,4
夜线影业,679.1,1
一九零五（北京）网络科技有限公司,199670.53,5
北京东方歌典文化传播有限公司,9438.79,8
浙江东阳四月天影视文化有限公司,11743.99,13
北京菲尔幕文化传媒有限公司,4026.7900000000004,7
山西菲尔幕文化传媒有限公司,3705.9900000000002,7
银河映像（香港）有限公司,71623.84,6
浙江宁佑传媒有限公司,4748.2,1
北京荣信达影视艺术有限公司,40970.7,2
北京华都新雨影视文化发展有限公司,168.1,1
最高人民法院影视中心,309.4,2
广州澳视文化传播有限公司,32.3,1
广州兵艺文化活动策划有限公司,32.3,1
北京彭丹世纪影视文化有限公司,27.31,1
韦恩斯坦公司,28060.91,3
派格太合环球传媒,55997.939999999995,3
名威影业公司,25639.899999999998,2
NetFlix ,25624.6,1
东阳派格华创影视传媒有限公司,62230.2,2
虎童基金,25624.6,1
Yucaipa Films ,25624.6,1
Film 44 ,25624.6,1
美国韦恩斯坦公司,25624.6,1
美国韦恩斯坦影业公司,25624.6,1
北京传家宝影视传媒有限公司,52.1,2
凤凰东方华娱（北京）国际文化传媒有限公司,29.1,1
奥飞影业投资（北京）有限公司,66888.24,5
广州英明文化传播有限公司,44597.59,10
北京剧魔影业投资管理有限公司,35428.34,8
广州市英明文化传播有限公司,16728.54,1
智乐文化传媒（集团）有限公司,16728.54,1
浙江观鍳影业有限公司,19482.64,2
博纳影业集团,177879.4,6
北京中元盛艺文化传媒有限公司,102.2,1
深圳市海岸明珠文化传播有限公司,102.2,1
中博传媒有限公司,6271.2,1
北京中博世纪影视传媒有限公司,6439.9,2
深圳市创意文化中心,6271.2,1
南京国际慢城建设发展有限公司,6271.2,1
北京春天融和影视文化有限责任公司,55236.76,4
第五乐章文化传媒有限公司,27277.8,1
北京第七印象影视传媒有限责任公司,115581.8,2
北京星美千易文化经纪有限公司,27277.8,1
南京文秀影视文化工作室,27277.8,1
海宁谦谦影业有限公司,27277.8,1
北京有声有色文化艺术发展有限公司,168.03,2
北京天堂文化发展有限公司,7650.99,2
深圳市百慧影业传媒股份有限公司,2403.5,2
浙江东世天承影视制作有限公司,310.5,1
北京天马联合影视文化有限公司,101546.65999999999,3
上海鸣艺文化传媒有限公司,122889.75999999998,4
北京影行天下文化传播有限公司,98126.15999999999,3
上海家喜文化传播有限公司,97807.65999999999,2
天马电影出品（香港）有限公司,42122.36,2
华策联合影业（天津）有限公司,20779.26,1
上海番薯影业有限公司,20779.26,1
浙江华策影视股份有限公司,20779.26,1
北京聚合影联文化传媒有限公司,10300.800000000001,3
北京航美影视文化有限公司,57677.1,12
湖南楚人传媒有限公司,1104.4,1
上海华大影业有限公司,1157.9,2
深圳金蔷薇影视传媒有限公司,1104.4,1
北京厚德雍和新媒体版权投资有限公司,1104.4,1
北京圣基影业有限公司,1104.4,1
湖南发条城市文化传媒有限公司,1104.4,1
北京尚丰影视传媒有限公司,1104.4,1
北京启泰文化发展集团,1104.4,1
湖南潇影第二影业有限公司,106.7,2
湖南省文学艺术界联合会,7.0,1
Hasbro Inc. ,328257.81,3
Di Bonaventura Pictures ,96695.21,1
Ian Bryce Productions ,197756.5,1
家赋,197756.5,1
鸿臣影视制片厂,238.7,1
四川凹凸文化传播有限公司,92.3,1
上海铭承影视制作有限公司,1966.2,3
上海元廷文化传媒有限公司,762.8,2
陕西华源影视传播有限公司,15556.1,3
此刻影视文化（北京）有限公司,363.1,1
德晋荣誉（北京）文化有限公司,363.1,1
徳晋荣誉（北京）文化有限公司,363.1,1
北京良锋骏景文化传媒有限公司,107.2,1
深圳美迅嘉润影业投资有限公司,2092.81,3
北京梦禹山川影视文化传媒有限公司,1476.0,2
天狼星电影国际有限公司,26009.6,2
佛山精鹰传媒股份有限公司,3875.2,2
三和娱乐国际有限公司,926.38,2
博纳影视娱乐有限公司,275523.76,14
日本宝岛株式会社,195.15,1
北京沃森影视文化交流有限公司,3513.2,3
北京中视达国际传媒有限公司,3481.0,1
古京文化创意产业发展有限公司,3481.0,1
梦想沙龙娱乐文化有限公司,77178.59999999999,3
天马电影制作有限公司,80767.4,2
河南电影电视制作集团有限公司,77542.59999999999,2
香港国艺影视制作有限公司,2489.2,2
北京东方画面影视文化有限公司,13079.22,5
影市堂股份有限公司,2414.5400000000004,3
喜羊羊电影工作坊有限公司,1529.7,1
海霖动画制作有限公司,30.1,1
东莞创意文化传播有限公司,30.1,1
东莞海霖动画制作有限公司,30.1,1
上海豪颖文化传播有限公司,1695.1000000000001,3
濠龙影视传媒（上海）有限公司,121.0,1
上海星狐影业有限公司,121.0,1
华闻影业（上海）有限公司,412.7,2
讯理影业（上海）有限公司,412.7,2
昆山方舟广告传媒有限公司,121.0,1
天津兰德天元股权投资合伙企业（有限合伙）,45574.1,1
天津斯凯股权投资合伙企业（有限合伙）,45574.1,1
东宝株式会社,138317.07,7
深圳市唐嘉淇文化传播有限公司,1351.19,2
北京华百灵国际传媒有限公司,1351.19,2
学者国际多媒体股份有限公司,15873.5,2
北京诚信联盟国际影视文化有限公司,18836.1,3
南京仙中影视传媒有限公司,15873.5,2
见证分享（北京）文化投资有限公司,170.6,1
金星汇影艺文化有限公司,170.6,1
鼎立娱乐,244.0,1
百姓电影有限公司,74936.2,3
珠江电影集团有限公司,12802.529999999999,9
长白山国际文化传媒有限公司,40.3,1
深圳市融资城影视资产管理中心有限公司,40.3,1
北京京程影视文化传播有限公司,40.3,1
北京博德金叶影视传媒有限公司,40.3,1
北京师范大学,40.3,1
北京师范大学教育基金会,40.3,1
北京丁荫楠影视文化传播中心有限公司,40.3,1
天画画天（北京）文化传媒有限公司,797.3,4
河北电影制片厂,20359.120000000003,9
北京亚细亚影视制作发行有限公司,14781.9,3
北京春秋四海影业投资有限公司,8162.4,2
真实传媒有限公司,81.7,1
吉林省迷影文化传媒有限公司,0.0,1
广州春歌文化活动策划有限公司,0.0,1
北京一帆风顺影视文化工作室,78173.40000000001,2
上海路画影视传媒有限公司,6792.8,1
广东搏牛文化传播有限公司,4.5,1
北京全唐盛世文化发展有限公司,744.2,1
杭州古今时代电影制作有限公司,1019.9,2
浙江新长城动漫有限公司,1016.8,1
广州虹猫蓝兔动漫科技有限公司,1016.8,1
北京太合娱乐文化发展股份有限公司,180612.0,6
北京完美蓬瑞影视文化有限公司,28446.9,1
天津超导影视文化有限公司,28446.9,1
重庆太合电影投资合伙企业,28446.9,1
Shogakukan Inc. ,53028.3,1
朝日电视台,53028.3,1
Golden Village Pictures ,10358.7,1
东宝国际,18663.47,3
Autoaid Integrated Design ,10358.7,1
Ray CO Creative ,10358.7,1
Furyu ,10358.7,1
北京徕玛风尚文化传媒有限公司,14.1,1
兴化市创星文化艺术传媒有限公司,28.9,1
大太阳（北京）影视制作有限公司,28.9,1
秦州市凤城河风景区管委会,28.9,1
江苏天宝置业有限公司,28.9,1
秦州嘉捷置业有限公司,28.9,1
秦州海林置业有限公司,28.9,1
北京世纪华文文化传播有限公司,33.5,1
山东传奇文化产业有限公司,33.5,1
滨州传奇文化产业有限公司,33.5,1
湖南芒果娱乐有限公司,79774.7,2
上海儒意影视制作有限公司,91307.7,2
时尚星光（北京）传媒股份有限公司,82454.8,2
台州皇家影视发展有限公司,0.0,1
青岛广和源影视发展有限公司,0.0,1
天籁锐联（北京）文化传媒有限公司,253.0,1
北京世纪美名广告有限公司,253.0,1
威秀电影亚洲公司,86.0,1
江苏真慧影业有限公司,1119.2,2
北京真慧影业有限公司,171.4,1
和灵投资管理（北京）有限公司,171.4,1
中视影画（北京）文化传媒有限公司,171.4,1
北京百思影画文化传媒有限公司,171.4,1
安徽爱众筹投资管理股份有限公司,171.4,1
上海乐广文化传媒有限公司,171.4,1
圆融通,171.4,1
上海佳泰文化有限公司,59.8,1
广东原创动力文化传播有限公司,73815.4,8
北京优扬文化传媒有限公司,45907.54,4
浙江电视台少儿频道,13665.199999999999,3
广东电视台卫视嘉佳卡通卫视,23698.699999999997,6
中国移动动漫基地,6985.0,2
重庆电视台少儿频道,12967.6,2
武汉电视台少儿频道,6777.6,1
成都市广播电视台少儿频道,6777.6,1
广东奥飞动漫文化股份有限公司,20035.5,4
成都电视台,313.47,1
北京锋尚锐志文化传媒有限公司,7322.27,8
成都浪度风文化传播有限公司,313.47,1
清影互动（北京）广告有限公司,1186.8,2
天空之城文化创意有限公司,96788.70000000001,2
杭州潜影文化创意,1153.6,1
旗帜（上海）数字传媒有限公司,1153.6,1
四川传媒学院,170.6,1
知更鸟电脑艺术有限公司,170.6,1
善为多媒体有限公司,170.6,1
贵阳艾美华星文化传媒有限责任公司,1.1,1
精英制作公司,34571.53,2
沈阳秦汉影视制作发行有限公司,44.2,1
沈阳海联广告有限公司,44.2,1
辽宁北方新媒体有限公司,44.2,1
广州瀚潮影视传媒有限公司,4.2,1
柏合丽娱乐传媒集团,23243.33,6
宽银慕电影制作有限公司,1226.3,2
北京星美嘉映影业有限公司,6265.2,2
北京经典文化传媒有限公司,168.6,1
北京熙铭天诚文化发展有限公司,168.6,1
龙江电影制片厂,78.1,2
西安影视制片公司,14199.609999999999,2
九州音像出版公司,36.3,1
光影先锋（北京）文化传媒有限公司,36.3,1
北京中天鼎盛影视文化传播有限公司,36.3,1
河南杨氏文化传媒有限公司,27.2,1
中视傲然（北京）国际文化传媒有限公司,3.7,1
秦皇健达影视制作有限公司,3.7,1
中国贵州茅台酒厂（集团）有限责任公司,1021.4,1
潇湘电影集团有限公司,1021.4,1
道和影业有限公司,10472.0,2
大泰影业,3013.9,1
浙江奇新世纪影业有限公司,3013.9,1
东映动画有限公司,4590.8,2
东映动画株式会社,3787.0,1
Constantin Film Produktion GmbH ,12730.2,2
天古数码艺术设计（上海）有限公司,6397.9,2
舞之数码动画制作有限公司,6397.9,2
天漫文化,1381.6,2
江苏糖心文化传媒有限公司,533.7,1
创意联盟制作有限公司,2349.5,1
深圳广播电影电视集团,63124.28,4
深圳伍壹捌动漫公司,571.3,1
欢乐电影（上海）有限公司,7356.9800000000005,2
北京乐韬世纪文化传媒有限公司,20778.809999999998,3
星焕蓝海制作有限公司,28532.1,2
北京世纪伙伴文化传媒,8706.7,2
扬州富海国龙影视投资中心（有限合伙）,16325.099999999999,3
耀邦（厦门）投资有限公司,5307.4,2
（厦门）,5307.4,2
扬州富海国龙影视投资中心,1106.7,1
青春光线影业有限公司,5857.4,2
北京天悦东方文化传媒有限公司,1106.7,1
北京华丽视界文化传媒有限公司,1106.7,1
竣腾影业（北京）有限公司,1106.7,1
苏州诺伊曼实业有限公司,1106.7,1
骏腾影业（北京）有限公司,1106.7,1
大猩猩电影有限公司,1106.7,1
北京虹合品尚文化传媒有限公司,0.8,1
北京幻影华亿传媒有限公司,0.8,1
山西华影众艺文化传媒有限公司,0.8,1
北京艺林天下文化传播有限公司,0.8,1
琥珀工场文化传媒（北京）有限公司,2711.38,2
Walden Media ,48831.72,2
艾肯娱乐公司,39774.5,3
Half Circle ,2347.7,1
Dynamo ,2347.7,1
Phoenix Pictures ,2347.7,1
东海电影集团,1186.8,2
新鼎明影基金,993.3,1
中国电影合作制片公司,8617.0,3
北京鑫宝源影视投资有限公司,17247.5,2
北京新力量影视文化有限公司,4699.2,1
南京大道行知文化传媒有限公司,17247.5,2
合一资本,11037.5,2
环球影片公司,22105.5,2
Tokyo Broadcasting System (TBS) ,3757.8,1
Film Face ,3757.8,1
Kadokawa ,3757.8,1
WoWow Inc. ,3757.8,1
tbs电视台,3757.8,1
Mainichi Broadcasting System (MBS) K.K. ,3757.8,1
Asahi Shimbunsha ,3757.8,1
Dentsu ,57504.990000000005,4
KDDI Corporation ,8304.77,2
Hokkaido Broadcasting Company (HBC) ,3757.8,1
CBC Television ,3757.8,1
FLaMmE ,3757.8,1
RKB Mainichi Broadcastin,3757.8,1
内蒙古电影集团有限责任公司,451.35,8
中广文博（北京）投资有限公司,248.9,1
北京一声春雷影业有限公司,248.9,1
北京星月旭海文化传播有限公司,500.11,2
北京盛合经纬文化传媒有限公司,72.6,1
盛合经纬文化传媒（香港）有限公司,33322.3,3
光延时代（北京）文化传媒有限公司,15788.470000000001,3
西藏乐华文化传播有限公司,15435.5,2
真爱（上海）影视文化传媒有限公司,164866.1,3
上海儒意制作有限公司,15191.2,1
上海庚心文化传媒工作室,15191.2,1
霍尔果斯尚元影视投资有限公司,48851.600000000006,2
上海嘉凤影视制作有限公司,15191.2,1
东方华尚（北京）文化传播有限公司,15191.2,1
聚美影视传媒无锡有限公司,15191.2,1
北京盛夏星空影视传媒有限公司,15191.2,1
北京时代光影文化传媒有限公司,15191.2,1
深圳市腾讯视频文化传播有限公司,760281.8999999998,16
开心麻花影业有限公司,144145.5,1
新丽电影,144145.5,1
深圳市卡普辛一号影视传媒有限公司,220.39,1
北京大悦天成国际文化传播有限公司,2255.1,2
海秀娱乐,3317.6,1
海秀传媒(天津)有限公司,3317.6,1
大庆百湖影视传媒有限责任公司,3317.6,1
法国乌迪亚纳制作有限公司,3317.6,1
海秀娱乐（香港）有限公司,3317.6,1
峨眉电影集团,4606.31,4
恒娱星空（北京）文化传播有限公司,2777.75,2
北京泰阁映画影视发行有限公司,333.2,1
北京中映联合影视文化发展有限公司,752.9,1
北京耀视科技有限责任公司,752.9,1
宁静致远国际传媒广告（北京）有限公司,2204.4,1
泛欧亚电影公司,2204.4,1
北京星辉佳业国际影视文化传媒有限公司,0.0,1
深圳市艺宝文化传播有限公司,0.0,1
独山影山文化传媒有限公司,0.0,1
北京半人马影视文化有限公司,17.78,1
北京芒格投资管理有限公司,17.78,1
北京天子安投资管理有限公司,17.78,1
西安阿房宫影视制作有限公司,1.2,1
环旭文化传媒（北京）有限公司,66.54,1
上海大锂文化传播有限公司,476.1,1
上海平台投资有限公司,476.1,1
上海紫竹文化传媒有限公司,476.1,1
中国人民解放军总后勤部政治部,40.1,2
天盛润铎影视制作（北京）有限公司,31.8,1
辽宁天悦影视传媒有限公司,31.8,1
中航工业集团公司,31.8,1
中共威海市宣传部,31.8,1
浙江唐德影视股份有限公司,3307.6,2
中影股份北京电影发行分公司,3302.0,1
北京心海迦源文化交流中心出品,3302.0,1
北京歌华有限电视网络股份有限公司,3302.0,1
中投中财基金管理有限公司,3302.0,1
爱若思国际传媒有限公司,3302.0,1
天津孔雀山文化传媒有限公司联合出品,3302.0,1
北京心海迦源文化交流中心,3302.0,1
天津孔雀山文化传媒有限公司,3302.0,1
十美娱乐传媒（北京）股份有限公司,1782.8,2
十全十美娱乐传媒有限公司,776.5,1
十全媒体娱乐营销股份有限公司,2081.9,2
北京春迪梦源影视文化有限公司,32.5,1
延平影业有限公司,147.2,1
上海和平影视企业公司,44.3,1
广州金生江水文化传播公司,48.6,1
中国国际文化艺术中心,65.6,2
江苏众道影业投资有限公司,452.9,1
中央新闻纪录电影制片厂,14110.43,8
Dexter Film ,11284.5,1
中电传媒股份有限公司,3769.76,1
天映娱乐有限公司,8491.48,2
星空大地（北京）影视文化发展有限公司,4128.68,1
DW Films Limited D W Films Limited ,4128.68,1
Pictures in Paradise Pty. Ltd. ,15702.9,1
北京海盛文化发展有限公司,1023.4,1
北京必然秀文化传媒有限公司,352.3,1
星光联盟影业（北京）有限公司,64666.78,4
天津银河文化传媒有限公司,35993.48,1
云南广电传媒集团有限公司,35993.48,1
春秋时代（天津）影业有限公司,44094.08,2
春秋时代（霍尔果斯）影业有限公司,44094.08,2
北京卓然影业有限公司,36006.700000000004,2
乐华娱乐（中国）,35993.48,1
霍尔果斯春秋时代文化传媒有限公司,35993.48,1
霍尔果斯登峰国际文化传播有限公司,35993.48,1
春秋时代影业,35993.48,1
云南广电传媒集团,35993.48,1
云南金彩视界影业有限公司,35993.48,1
原子映象有限公司,1931.71,3
时光草莓电影有限公司,79.4,1
中环国际娱乐股份有限公司,645.6999999999999,2
贩卖基电影事业有限公司,79.4,1
上海美术电影制片厂,13555.05,8
北京光线传媒股份有限公司,68807.5,3
霍尔果斯彩条屋影业有限公司,62258.880000000005,5
彼岸天（北京）文化有限公司,56509.5,1
北京星风尚影视传媒有限公司,58.0,1
中影新锐（北京）影视文化发展有限公司,28266.5,3
中星国影（北京）文化传媒有限公司,7775.8,2
香港恒业电影发行有限公司,7775.8,2
无锡奇幻世界文化有限公司,123718.40000000001,2
浙江浩宇互动文化传播有限公司,3639.3,1
光影文化传媒有限公司,3639.3,1
幕客影视传媒有限公司,3639.3,1
世纪长龙影视股份有限公司,103660.65000000001,2
北京金亿乾坤电影发行有限公司,2.1,1
中国人民解放军第三〇二医院,8.3,1
恒大影视文化有限公司,37388.1,6
创映电影制作股份有限公司,11984.8,1
广东广视传媒有限公司,3938.8999999999996,2
江西在线影视传播有限公司,2.7,1
云南电影制片厂,8467.9,3
天翔制作有限公司,74409.7,1
耀莱影视文化传媒有限公司,234704.86,3
耀莱文娱发展有限公司,74409.7,1
新余鸿蒙文化投资管理中心,74409.7,1
北京文资华夏影视文化投资管理中心,74409.7,1
宇昌烽影视投资管理有限公司,74409.7,1
阿里巴巴（中国）网络技术有限公司,76843.09999999999,2
凤凰传奇影业有限公司,31838.4,2
晶茂电影传媒,30032.0,1
上海瑞怡文化传播有限公司,30032.0,1
北京南水北调办,3324.2,1
陕西文化产业投资控股（集团）有限公司,2453.8999999999996,2
浙江中南卡通股份有限公司,3116.5,4
北京星辰合力影视文化传媒有限公司,7.8,1
中国人口宣教中心,7.8,1
希版图（北京）文化传媒有限公司,370.2,3
北京星辰合力影业有限公司,7.8,1
北京云之国传媒有限公司,7.8,1
北京星灿光芒影视传播有限公司,0.1,1
上海游族文化传媒有限公司,24946.3,2
北京市文化创意产业投资基金管理有限公司,19542.5,1
北京天工异彩影视科技有限公司,29665.2,3
北京盟将威影视文化有限公司,6291.18,3
游族影业,5104.2,1
文创基金,5104.2,1
联创组影业公司,2756.7,1
北京金强盛世文化传播有限公司,229.6,1
合肥泰尚文化科技有限公司,5009.0,6
北京华影文轩影视文化有限公司,70431.95,3
青岛德馨影视传媒有限公司,13.8,1
映艺娱乐有限公司,127884.19,5
好朋友娱乐有限公司,84893.0,3
北京源合圣影视文化发展有限公司,21615.2,1
厦门领航世纪文化传媒有限公司,21615.2,1
新丽传媒股份有限公司,244266.41999999998,6
华美时空影视文化传播有限公司,37938.72,2
上海路文影视文化工作室,29973.52,1
江阴市天普文化传播有限公司,165.3,2
北京大音远扬文化传播有限公司,59.9,1
深圳市海元梦想文化传媒有限公司,223.7,1
皮克斯动画工作室,107439.58,5
西安曲江文化产业风险投资有限公司,1637.57,1
烽影文化传媒有限公司,4.0,1
中创美视影视传媒有限公司,4.0,1
中创美视影视传媒,4.0,1
烽影文化传媒,4.0,1
北京稻草熊影视文化有限公司,2116.05,2
广东新华展望传媒有限公司,1310.8899999999999,2
北京玖玖盛放影视文化有限公司,863.3,2
亚文邦（北京）文化传播有限公司,74.4,1
河南省亚邦文化传播有限公司,74.4,1
河南三川影业股份有限公司,0.09,1
河北五明文化传播有限公司,504.8,1
Fairview Entertainment ,97932.3,1
Moving Picture Company (MPC) ,97932.3,1
华特迪士尼影片公司,250962.59999999998,2
四川正光房地产开发有限公司,28.21,1
仙桃市大顺文化传媒有限公司,0.3,1
北京剧角映画文化传媒有限公司,52536.99999999999,5
北京一响天开文化传媒有限公司,132405.49999999997,5
王岳伦（上海）影视文化工作室,16369.599999999999,2
传递光年（北京）影视传媒有限公司,10154.5,2
北京永利文化传媒有限责任公司,4750.7,1
深圳市汇业金石有限公司,4750.7,1
武汉星皓影视文化有限公司,5246.099999999999,2
上海爱美影视文化传媒有限公司,43428.0,1
亚太未来影视（北京）有限公司,210180.1,2
浙江巨擎投资有限公司,43428.0,1
呼伦贝尔金马文化创意产业（影视）有限公司,25.8,1
美亚传媒,847.9,1
广州百田信息科技有限公司,847.9,1
弘图光合电影投资基金,847.9,1
Nu Image Films ,8460.460000000001,2
亚特拉斯娱乐公司,215008.24,4
北京歌亮传媒有限公司,6338.3,1
光影工厂,6338.3,1
北京华人天地影视策划股份有限公司,6338.3,1
国影智翼（北京）文化传播有限公司,6699.0,2
海峡世纪（福建）影视文化有限公司,1283.3,1
广州飞娱传媒广告有限公司,22.19,1
大唐风韵（北京）影视有限责任公司,38.0,1
贵州双龙实业集团有限公司,38.0,1
内蒙古天宇创新投资集团有限公司,38.0,1
上海青童文化传播有限公司,1192.2,1
中成影视文化有限公司,2212.8,1
韩兆工作室,2212.8,1
思楷乐文化传媒（北京）有限公司,2212.8,1
广州市品晶影视制作有限公司,2150.6,3
北京伟世兄弟影视文化传媒有限公司,162.9,1
沈阳伟世兄弟文化传播有限公司,162.9,1
高志森制作有限公司,14.4,1
北京韩韩影视工作室,41.4,1
贰捌娱乐,41.4,1
北京中视美星传媒有限公司,873.04,1
乌鲁木齐隆博文化传媒广告有限公司,0.0,1
贵州翰韵文化传媒有限公司,0.5,1
中艺博悦影业,0.5,1
湖北来日方长影视传媒有限公司,55.400000000000006,2
中国儿童电影制片厂,330.1,1
广州周勇影视策划有限公司,330.1,1
北京影硕文化传媒有限公司,360.2,1
北京比格魔威文化传播有限公司,360.2,1
西安美亚文化传播有限公司,8749.09,1
广东华之杰影视传播有限公司,82.2,1
融资城电子商务有限公司,82.2,1
上海世茂文化传媒有限公司,30629.7,4
深圳市视界浪潮传媒有限公司,4136.5,1
北京意合影视传媒有限公司,4136.5,1
北京海晏和清影视文化有限公司,1079.27,4
中国新闻社湖北分社,1.6,1
龙腾艺都（北京）影业投资有限公司,308.29,1
北京尚心印象文化发展有限公司,475.89,2
中共唐山市委宣传部,30.9,1
大泓画面国际影视文化传媒（北京）有限公司,30.9,1
淄博青禾文化传播有限公司,11.56,1
北京云影博纳影视发行有限公司,2924.8,1
深圳市珑艺影视有限公司,2924.8,1
大连龙海科技服务有限公司,2924.8,1
深圳市电影发行放映公司,2924.8,1
北京盛唐明象国际文化传播有限公司,232.7,1
山水国际娱乐股份有限公司,731.23,1
北京盛世和映影视文化有限公司,731.23,1
发行工作室（香港）有限公司,731.23,1
高雄人文化基金会,3768.0,2
影动亚洲有限公司,44.4,1
宝米数位有限公司,123.89999999999999,3
卡通先生影业有限公司,59357.95999999999,9
湖南广播电视台电视剧频道,497.6,1
上海天娱传媒有限公司,213594.61999999997,8
芒果影视文化（湖南）有限公司,5449.0,1
湖南志同道合影视文化有限公司,5449.0,1
于正（上海）影视文化工作室,5449.0,1
今典环球（北京）国际文化传媒有限公司,0.4,1
许昌隆盛影视文化传播有限公司,0.4,1
北京中视宇珩文化投资公司,26.2,1
山东三圣影视公司,26.2,1
GyaO ,4546.97,1
Kodansha Ltd. ,4546.97,1
Nippon Shuppan Hanbai (Nippan) K.K. ,4546.97,1
Shirogumi ,4546.97,1
Yahoo Japan ,4546.97,1
Robot ,4546.97,1
Nippon Television Network (NTV) ,4546.97,1
北京盛世华锐电影投资管理有限公司,2495.6000000000004,6
北京风华年代文化传播有限公司,1532.28,1
秦皇岛岚锋文化传媒有限公司,1532.28,1
北京竹书酷乐文化传播有限公司,1532.28,1
河北电影电视剧制作中心,901.4,1
北京数字后影视文化有限公司,901.4,1
北京胜利传奇影视文化有限公司,901.4,1
公安部金盾影视文化中心,1038.4,2
万诱引力电影制作（香港）有限公司,67811.1,1
Homeland Pictures Limited ,67811.1,1
万诱引力乙有限公司,67811.1,1
北京海润华夏影视制作发行有限公司,490.7,2
北京九州盛世文化传播有限公司,280.0,1
北京天润恒创科技有限公司,280.0,1
北京大众明天文化传媒有限公司,280.0,1
天津新月影视传媒有限公司,490.7,2
北京中金源影视文化传播有限公司,277.9,1
浙江横店影视制作有限公司,351113.91000000003,10
阿德莱德电影公司,3211.59,1
sapo投资公司,3211.59,1
apothecary公司,3211.59,1
薯条公司,3211.59,1
东方星空创业投资有限公司,9209.69,2
东阳基业先锋影视传媒有限公司,3211.59,1
杭州文化广播电视集团,76073.27,4
万达影业（香港）有限公司,166752.1,1
万达影业（青岛）有限公司,174679.30000000002,4
长生天影业,166752.1,1
中国星娱乐有限公司,28387.3,1
帼星电影文化产业（北京）有限公司,28535.2,2
中国星电影有限公司,140170.9,2
北京中艺英纳文化传媒有限公司,1043.5,3
悦丰传媒（天津）有限公司,567.3,1
天津涌熙投资咨询有限公司,567.3,1
北京思泽汇通影业发展有限公司,2574.3,1
上海三元影视有限公司,2574.3,1
重庆同缘音画文化传播有限公司,0.6,1
北京奥宁腾威广告有限公司,3936.2,1
北京雨木星辰文化传播有限公司,3936.2,1
天佑（北京）文化传媒有限公司,3936.2,1
北京华影卫士影视艺术交流中心,7.8,1
北京艺海莲舟影视文化艺术交流中心,7.8,1
星云时代（北京）影视文化传播有限公司,7.8,1
山东电影电视剧制作中心,150.8,1
中共山东省委宣传部,150.8,1
深圳大盛国际传媒有限公司,78962.84,3
群星瑞智艺能有限公司,85766.29,3
麦颂影视投资（上海）有限公司,179961.59999999998,6
安迈进国际影业股份有限公司,79200.4,3
可米必富影视文化（北京）有限公司,179435.75999999998,5
和力辰光国际文化传媒（北京）有限公司,238147.17999999996,9
浙江东阳天娱影视文化有限公司,140445.16,6
上海东方娱乐传媒集团有限公司,101718.06,4
上海最世文化发展有限公司,107993.73999999999,4
大盛国际传媒（北京）有限公司,73476.78,5
上海善喜影视传媒有限公司,756.8,2
合一网络科技（北京）有限公司,6447.400000000001,2
浙江环泰文化传播有限公司,608.6,2
广东小猪班纳服饰股份有限公司,449.3,1
阿德曼动画公司,5377.6,1
Anton Capital Entertainment (ACE) ,6805.97,2
广东珠影影视制作有限公司,7565.099999999999,3
广州海力动漫文化发展有限公司,269.0,2
深圳市前海小蚂蚁文化传媒有限公司,110.7,1
广州文铭广告有限公司,110.7,1
广州立兴文化传媒有限公司,110.7,1
广州蜂锋文化传播有限公司,110.7,1
兰州电影制片厂,8.8,1
北京合力桨影视文化传播有限责任公司,222.74,2
天润文化产业有限公司,8.8,1
北京一品映画影视文化有限公司,3.5,1
北京中联华盟文化传媒投资有限公司,380808.28,8
追光人动画设计（北京）有限公司,7868.0,1
百度在线网络技术（北京）有限公司,127947.1,2
Berlanti Productions ,2848.8,1
浙江泰皇影视文化有限公司,362.25,3
杭州领星影视文化有限公司,52.75,1
深圳前海财富动力影视基金管理有限公司,52.75,1
杭州金康银电子工程有限公司,52.75,1
荷意影业发展（天津）有限公司,487.4,2
万程影业制作有限公司,487.4,2
天津津源影视有限责任公司,105.1,1
维格文化,53.5,1
北京必合必达文化传播有限公司,53.5,1
北京恩臣投资管理有限公司,53.5,1
北京光影灵动文化传播有限公司,53.5,1
上海华瀚捷晟影视投资有限公司,258.8,1
迦南天成广告（北京）有限公司,258.8,1
福州华文影视传媒有限公司,0.0,1
济南电视台,2.5,1
济南海水科技有限公司,2.5,1
上海电影制片厂,54109.0,7
深圳市普腾人文化投资有限公司,134.5,1
浙江特立宙动画影视有限公司,154.3,1
绍兴广播电视传媒集团,154.3,1
河南省银都影视制作有限公司,1.7,1
湖南文远国际文化传播有限公司,85.4,1
湖南辉宏置业有限公司,85.4,1
求是影视中心,90.80000000000001,2
湖南华人时代文化传播有限公司,85.4,1
湖南大众传媒职业技术学院,85.4,1
珺影映画工作室,85.4,1
群像文化传媒有限公司,5068.3,1
北京中广星媒影视文化有限公司,0.0,1
Lakeshore Entertainment ,6392.299999999999,2
Hopscotch Features ,4703.4,1
北京国林卫士文化传媒有限公司,1.0,1
东莞市倚天文化传播有限公司,1.0,1
邯郸市天成影视制作有限公司,0.0,1
北京西河星汇影业有限公司,3443.5,3
北京润锦投资有限公司,3221.5,1
北野武工作室,3221.5,1
爱微笑文化传媒（北京）有限公司,11.2,1
北京和颂投资有限公司,11.2,1
独山县人民政府,65.7,2
黔南报业文化传媒有限责任公司,26.6,1
三都水自治县人民政府,26.6,1
北京十月天文化传媒股份有限公司,601.8000000000001,3
重庆昌和世纪影业有限公司,4.2,1
百胜年代文化传播（北京）有限公司,35.5,1
由甘肃大河传媒有限公司,3.9,1
苏州广播电视总台,3.9,1
苏州秀麦文化传播有限公司,3.9,1
甘肃大河传媒有限公司,3.9,1
山南光线影业有限公司,573250.5,5
江苏译林影视文化传媒有限公司,48521.5,1
上海学禾文化传媒有限公司,48521.5,1
广东电视台,15783.8,2
广州奥飞文化传播有限公司,1915.8,1
大银幕(北京)电影发行控股有限公司,3828.3,1
奥飞影业（上海）有限公司,3828.3,1
Arka Mediaworks ,1461.84,2
印度阿卡媒体公司,1461.84,2
保利影业投资有限公司,121871.40000000001,2
Vendome Pictures ,1428.37,1
Anonymous Content ,39877.770000000004,3
TF1 ,1428.37,1
Amazon Prime Instant Video ,1428.37,1
法国映欧嘉纳影业公司,1428.37,1
英国安东资本娱乐公司,1428.37,1
studio canal,1428.37,1
北京德信投资管理公司,2114.45,1
中国电影资料馆,17.6,2
尔塞纳影视文化（北京）有限公司,5.1,1
西部科创实业有限公司,5.1,1
千和影业（北京）有限公司,12168.88,2
无锡杰翱影视文化传媒有限公司,5478.4,1
北京爱之甘醇文化艺术有限公司,5478.4,1
富能投资有限公司,5478.4,1
千和之源（北京）资本管理有限公司,5478.4,1
盛日影业公司,9986.1,1
江苏省演艺集团有限公司,349.7,1
华建传媒集团有限公司,349.7,1
北京京粤世纪文化传媒有限公司,23.9,2
陕西希望在线文化传播有限公司,17.4,2
西安中环影视文化有限公司,17.4,2
九州中原数字电影院线有限公司,218.59,2
西安博杰影业投资有限公司,213.94,1
朝鲜艺术电影制片厂,213.94,1
北京金色原野影视文化传媒有限公司,213.94,1
榆林大兴影业文化传媒有限公司,213.94,1
四川红旗影业有限公司,213.94,1
东阳坏猴子影视文化传播有限公司,120453.0,2
西藏一格万象影视传媒有限公司,3450.2,1
北京华山论剑影视文化传媒有限公司,1309.2,1
北京华艺宏泰文化发展有限公司,1309.2,1
澳大利亚波特电影公司,165.31,1
重庆鼎盛影业公司,61.400000000000006,3
重庆嘉创影视传媒有限公司,43.1,2
中国香港皇马影视投资有限公司,43.1,2
中国台湾禾田四季传媒股份有限公司,23.6,1
福建大唐盛世文化传媒有限公司,23.6,1
北京东方紫云影视公司,79.1,1
东宝盛世国际影视文化（北京）有限公司,79.1,1
东尼斯国际文化有限公司,79.1,1
重庆千姿广告文化传媒有限公司,1.3,1
重庆百态广告文化传媒有限公司,1.3,1
北京夺目世纪文化传播有限公司,1.3,1
东申童画（北京）文化传播有限公司,82286.73999999999,4
蓝海娱乐制作有限公司,21067.3,2
大地时代文化传播（北京）有限公司,339594.0,3
无锡光合映画影视文化有限公司,93.5,1
蓝海娱乐有限公司,93.5,1
英皇电影,5558.1,3
最后阶段娱乐公司,3564.7,1
Ram Bergman Productions ,3564.7,1
美国电影国度娱乐公司,3564.7,1
Endgame Entertainment ,3564.7,1
北京同人时代文化传播有限公司,4393.68,3
山西求索文化传播有限公司,3624.0,3
北京随缘文化发展有限公司,2779.4,4
南京蝶蕴文化传媒有限公司,2355.7999999999997,3
北京银狮影业文化传媒有限公司,1449.0,2
FilmNation Entertainment ,5532.3,2
Palm-Star Entertainment ,4950.1,2
电影国度娱乐公司,1993.7,1
Circle of Confusion ,1993.7,1
Likely Story ,1993.7,1
Merced Media Partners ,1993.7,1
PalmStar Entertainment (PalmStar Media Capital) ,4950.1,2
山东电影制片厂,41373.68,2
广东中凯文化集团有限公司,40923.18,1
北京国立常升影视文化传播有限公司,85472.86,3
江苏省广播电视总台,68541.01,5
海南广播电视总台,42237.98,2
中联京华文化传播（北京）有限公司,61700.51,3
印纪影视娱乐传媒有限公司,106472.36,5
成都市对外交流协,40923.18,1
广东明星创意动画有限公司,6369.9,2
上海中正达广投资管理有限公司,3354.6,2
中共重庆市委宣传部,896.4,1
北京东方一处国际文化传媒有限公司,896.4,1
北京天一璇烨文化传媒公司,896.4,1
上海爱坚文化传媒有限公司,896.4,1
杭州嘉艺影视传媒有限公司,896.4,1
雪浪码头无锡传媒有限公司,1127.0,2
东阳英洛克影视制作有限公司,294.4,1
北京光影魔方文化传媒中心,619.45,2
广东易美家园文化传媒有限公司,3244.6,2
上海天誉文化传媒有限公司,508.6,1
上海阆映影视文化传媒有限公司,442.7,1
酷锐赫兹（北京）影视文化有限公司,442.7,1
苏州市酷锐赫兹广告有限公司,442.7,1
上海锐晟文化传播中心,442.7,1
李冰冰工作室,2093.0,1
任泉工作室,2093.0,1
院线通,2093.0,1
烟台清泉影视文化有限公司,30.6,1
北京精点蓝数码电脑设计制作有限公司,30.6,1
中国海莱坞影视发展有限公司,2031.4,4
北京华博龙韵影视文化传媒有限公司,931.85,3
成都泰丰影业有限公司,1.45,1
dmg娱乐传媒集团,130645.45999999999,6
上海映迹影视策划有限公司,1814.33,1
蝴蝶时代影视文化有限公司,1814.33,1
东阳易星传媒有限公司,27656.85,2
上海剧酷文化传播有限公司,28545.649999999998,2
和和（上海）影业有限公司,506556.14,6
上海腾讯影业文化传播有限公司,34229.83,2
华策克顿集团上海剧酷文化传播有限公司,27539.35,1
泰洋川禾文化传媒有限公司,27539.35,1
北京中联华盟文化传媒投资公司,27539.35,1
北京广电影视传媒有限公司,29219.050000000003,3
北京英立成文化传播有限公司,243.3,1
北京銮腾星光文化传媒有限公司,243.3,1
中申联合有限公司,243.3,1
深圳市聚丰环保科技有限公司,243.3,1
飞升国际娱乐有限公司,1059.8,1
上海而立文化传播有限公司,131.0,1
医药卫生报社,0.69,1
河南省龙邦映像文化有限公司,0.69,1
河南省龙邦映像影视文化传播有限公司,0.69,1
北京仕林院文化传播有限公司,117002.8,1
东阳映月影视文化传媒有限公司,132009.38,2
北京映月东方文化传播有限公司,117002.8,1
北京三快在线科技有限公司,133183.5,2
北京燃情岁月文化公司,3.9,1
祥意麒麟影业公司,3.9,1
永康燃情岁月影视文化有限公司,3.9,1
新疆华奥国际投资有限公司,3.9,1
青岛东塘文化传播有限公司,3.9,1
北京海平面影视文化传播有限公司,1065.6,1
Nickelodeon Movies ,39352.1,1
Gama Entertainment Partners ,39352.1,1
Platinum Dunes ,39352.1,1
5150 Action ,74987.36,2
美国尼克影业,39352.1,1
Province of British Columbia ,39352.1,1
Mednick Productions ,39352.1,1
Canadian Film or Video Production Tax Credit Program ,39352.1,1
China Movie Media Group ,39352.1,1
Smithrowe Entertainment ,39352.1,1
Gama Fi,39352.1,1
北京厚生文化传媒有限公司,213.3,1
江西电影制片厂,6938.3,2
广东百合蓝色火焰文化传媒股份有限公司,85566.1,3
上海亚洲电视艺术中心,7697.9,5
上海通江资产管理有限公司,8852.1,2
北京艺洋控股有限公司,5347.6,1
北京东西鼎盛文化投资有限公司,5347.6,1
北京高登世界影视文化传媒有限公司,5347.6,1
伊犁大盛传奇影业有限公司,5347.6,1
北京贸大汇文化投资管理中心,5347.6,1
立德星影视文化传媒（北京）有限公司,5347.6,1
中川影业传媒（北京）有限公司,5347.6,1
北京全景无限影视文化有限公司,5347.6,1
中视艺洋（北京）文化发展有限公司,5347.6,1
横店影视制作有限公司,128812.20000000001,4
北京乐华圆娱文化传播股,5347.6,1
松泽国际影业,1390.7,1
e美影业,202.8,1
北京传幕影视文化有限公司,202.8,1
爱时光（北京）文化传媒有限公司,202.8,1
北京亦美互动传媒广告有限公司,202.8,1
北京龙韵时空文化传播有限公司,594.7,2
中视合利(北京)文化投资有限公司,584.3000000000001,2
芭乐互动（北京）文化传媒有限公司,1894.6,1
浙江和文影视有限公司,1894.6,1
东阳福添影视,1894.6,1
北京家乐创新影视文化传媒有限公司,2138.9,2
上海灵岩文化传播有限公司,4580.7,2
云南大唐瓦舍文化传播有限公司,2591.9,1
上海上影电通影视文化传播有限公司,2591.9,1
安徽金牛影视投资有限公司,5092.14,2
北京佳尚国际影视文化传媒有限公司,3.8,1
云南望天树文化传播有限公司,7569.799999999999,3
上海艺言堂影视文化传播有限公司,5365.4,1
上海星蕴文化传播有限公司,5365.4,1
北京少城时代文化传播有限公司,5365.4,1
上海元都影视文化工作室,5365.4,1
上海舞心影视文化传播有限公司,5365.4,1
北京合众睿客影视文化传播有限公司,5365.4,1
北京央华影视文化有限公司,83.7,1
表演工作坊电影有限公司,83.7,1
北京银河星光文化传播有限公司,83.7,1
北京龙世文化集团有限公司,83.7,1
表演工作坊,83.7,1
北京南海影业公司,997.6,2
上海银来影业有限公司,113.6,1
上海澳娱文化传播股份有限公司,113.6,1
天铭嘉业文化传媒投资有限公司,38.5,1
都市之窗（北京）文化传媒有限公司,38.5,1
北京鸟人艺术推广有限责任公司,607.2,1
信汇融通文化传媒有限公司,607.2,1
上海帝鹤文化传媒有限公司,133.7,1
北京鸿水文化传媒有限公司,127.3,2
北京鸿水影业有限公司,74.1,1
中影数字院线（北京）有限公司,74.1,1
大连建业嘉和影视传媒有限公司,74.1,1
山东华富资产管理有限公司,74.1,1
天津建业嘉和影视制作有限公司,74.1,1
济南样逸坊经贸责任有限公司,387.3,1
中艺英纳影业（北京）有限公司,387.3,1
黑龙江电影制片厂有限公司,277.2,1
浙江东阳中广影视文化股份有限公司,533.13,2
浙江东阳中广影视文化有限公司,533.13,2
奥飞影业（香港）有限公司,341893.89999999997,2
汉文化电影公司,7826.299999999999,2
北京五紫龙影视传媒有限公司,514.2,1
北京小猪哼哼文化传媒有限公司,514.2,1
北京银海龙舟国际影视文化发展有限公司,514.2,1
中瀚大地影业文化传媒（北京）有限公司,514.2,1
乐田娱乐（湖南）有限公司,514.2,1
北京伯爵影视文化传媒有限公司,162.1,1
北京中民卓彩文化传媒有限公司,162.1,1
力加太阳文化传播有限公司,886.5,1
北京宇际星海广告有限公司,30.9,1
北京艺德环球文化艺术有限公司,30.9,1
上海裕隆文化传媒有限公司,30.9,1
中盟盛世（北京）国际电影有限公司,30.9,1
北京中艺博悦文化传媒有限公司,519.7,3
麒麟网（北京）影视文化传媒有限公司,70402.75,3
北京大桥唐人影视传媒有限公司,72388.15000000001,4
矛迪影视文化有限公司,0.0,1
杭州南广影视股份有限公司,0.0,1
北京鼎恒博源文化传媒有限公司,340175.2,2
四川省热窝文化传播有限公司,5236.1,2
天津中外名人鼎恒影业发展有限公司,1035.4,1
北京舸斐木影视文化有限公司,1035.4,1
北京真之影文化发展有限公司,32.2,2
云南云河之舟影业有限公司,0.0,1
大魏盛唐文化传媒有限公司,0.0,1
陕西邑天实业有限公司,0.0,1
晶晨环影文化传媒（北京）有限公司,55.1,1
石家庄金恒星文化传播有限公司,55.1,1
长春电影制片厂,4048.8199999999997,2
黑龙江乐彤文化传媒有限公司,28.1,1
浙江泰嘉影业股份有限公司,2.6,1
杭州亚妮影业有限公司,2.6,1
唯优印象（北京）文化传媒有限公司,2.6,1
北京昆仑阳光影视文化传播有限公司,2.6,1
上海文烟影视文化工作室,17.0,1
保靖百泰黄金茶有限责任公司,17.0,1
北京御翠珠宝有限公司,17.0,1
龙山惹巴拉影业有限公司,17.0,1
韩国头陀渊电影公司,7863.7,1
天宝华映影业投资（北京）有限公司,393.36,1
南京青卓影视文化传播有限公司,869.8,1
北京执行力国际影视文化传播有限公司,869.8,1
西藏影视发展有限公司,869.8,1
北京欢乐无限文化传播有限公司,869.8,1
北京环球嘉艺文化传媒有限公司,869.8,1
鲁商传媒集团（山东）文化产业有限公司,2362.5,1
东阳英皇影视制作有限公司,844.6,1
视点特艺（北京）数字技术有限公司,844.6,1
Columbia Pictures ,51382.8,1
索尼动画,99712.83,4
Village Roadshow Pictures ,81987.4,2
索尼图形图像运作公司,147337.43,3
Rovio Mobile ,73948.73000000001,2
美国威秀影片公司,104553.33000000002,3
Rovio Entertainment ,73948.73000000001,2
芬兰罗威欧动画公司,51382.8,1
哥伦比亚电影公司,60500.89,3
罗威欧娱乐,73948.73000000001,2
哥伦比亚影业公司,83066.82000000002,4
探照灯文化传媒（北京）有限公司,454.53,1
北京冬春文化传播有限公司,1501.89,2
中视国文（北京）文化传媒有限公司,268.8,1
北京天脉兄弟影视艺术有限公司,6.6,1
恩施华硒影视文化传媒有限公司,6.6,1
湖北省恩施州广播电影电视局,6.6,1
湖北省宣恩县旅游局,6.6,1
上海视野影视有限公司,517.5,1
江苏苏南特种装备集团,517.5,1
迅理影业（上海）有限公司,291.7,1
北京紫微光文化传媒有限公司,291.7,1
北京翼非凡文化传媒有限公司,104.7,1
Disneynature ,6441.87,1
川制作,6441.87,1
迪士尼自然,6441.87,1
扬州岭南文化发展有限公司,307.5,1
浙江东阳燕南影视有限公司,307.5,1
星悦毅宁（北京）文化传媒有限公司,714.2,2
北京七彩之源文化传播有限公司,2417.08,2
北京动感光播文化传播有限公司,2417.08,2
上海聚游网络科技传播有限公司,1200.6,1
哔哩哔哩影业（天津）有限公司,3699.6,2
上海映霸文化传播有限公司,1200.6,1
上海观视文化传播有限公司,1216.48,1
北京灵思沸点影业有限公司,45.5,2
北京东方明星数字影视中心,496.07,1
巨力影视传媒有限公司,19587.3,2
太拉制片公司,2085.2,1
长沙惠美文化传播有限公司,23001.2,2
东方良友影视传媒（北京）有限公司,652.9,1
北京三多堂传媒股份有限公司,652.9,1
北京伯乐世纪文化传播有限公司,652.9,1
北京紫金星空文化传媒有限公司,1.8,1
乐视完美影视投资（北京）有限公司,8774.5,1
北京卫视星冠国际文化艺术中心,280.6,1
中国少年儿童文化艺术基金会,280.6,1
中国华商影视集团,280.6,1
成都星利盟视觉文化传播有限公司,2.8,1
北安市盛达文化传媒有限公司,77.1,1
河南泽亿房地产开发公司,9.8,1
苏州金浩文化传播有限公司,9.8,1
江阴宏图动画制作有限公司,433.9,1
昆山斐凡动画有限公司,85.4,1
浙江麦浪影业有限公司,1099.5,2
杭州麦浪文化创意有限公司,53.2,1
宁波高新区迷迪文化传媒有限公司,53.2,1
宁波大名艺诚影视文化有限公司,53.2,1
麦特影视文化传媒（天津）有限公司,39848.43,6
大盛国际传媒集团有限公司,42466.2,2
海宁静观褀胜文化有限公司,1553.5,1
上海红星美凯龙投资有限公司,1553.5,1
北京麦锡尔文化传播有限公司,1553.5,1
北京悠蓝文化传媒有限公司,1553.5,1
北京铁皮青蛙创意文化传播有限公司,2936.08,2
中国传媒大学电视制作中心,207.4,1
新线索（北京）影视投资有限公司,72627.0,2
嘉行传媒,21524.1,1
韩国望月人公司,21524.1,1
宋胤熹导演工作室,550.8,1
无限映画电影制作有限公司,32432.489999999998,4
百视通新媒体股份有限公司,18795.329999999998,3
北京卡酷传媒有限公司,7468.03,2
上海光悦影视传播有限公司,7222.23,1
南京广播电视台,7701.599999999999,3
龙标（北京）文化发展有限公司,3028.6,1
乐视影业（天津）有限公司,61353.1,3
北京橙天拾捌经纪文化有限公司,3028.6,1
卧虎湾（北京）影视文化发展有限公司,3028.6,1
深圳市深投文化投资有限公司,378.09999999999997,2
深圳市深影橙天院线有限公司,853.8,2
北京华艺天鑫文化发展有限公司,378.09999999999997,2
昆明沧龙文化传播有限公司,19.5,1
恒亚文化传媒（大连）有限公司,19.5,1
深圳艺宝文化传播有限公司,0.4,2
北京零度中视国际文化传播有限公司,0.0,1
河南奥斯卡院线有限责任公司,74.6,1
新疆施威达影视文化传媒有限公司,179.6,1
新疆生产建设兵团第一师,179.6,1
华联国际,35939.6,1
玉春雷娱乐文创股份有限公司,35939.6,1
北京博方文化传媒有限公司,3424.33,1
江苏中南影业有限公司,16917.86,2
上海千易志诚文化传媒有限公司,16917.86,2
霍尔果斯市千易志诚文化传媒有限公司,3424.33,1
电影频道节目中心,3424.33,1
霍尔果斯千易志诚文化传媒有限公司,3424.33,1
上海鼎集文化传播有限公司,1282.4,1
上海广而视之文化传媒有限公司,1282.4,1
南通千寻文化传播有限公司,1282.4,1
浙江星河文化经纪有限公司,247370.6,2
浙江恒扬文化传媒有限公司,3418.6,1
韩国shincine,3418.6,1
浙江星河恒扬文化传媒有限公司,3418.6,1
杰森（北京）影视文化发展有限公司,0.4,1
金港国际电影制作公司,222.2,2
岗华影视传播有限公司,2419.3,1
北京华瑞鑫艺国际文化传媒有限公司,780.1,1
深圳创天影视文化投资有限公司,12024.400000000001,4
北京嘉娱帝华文化传媒有限责任公司,780.1,2
东阳瞻龙瞩凤影视文化传播有限公司,780.1,1
北京中鼎华娱影视文化有限公司,780.1,1
北京缘鑫国际文化传媒有限公司,836.9300000000001,2
河南暴风雨文化投资有限公司,57.2,1
北京万森群星影视文化传播有限公司,57.2,1
中影动画产业有限公司,916.0999999999999,3
北京中奥影迪动画制作有限公司,164.7,1
凯天网络有限责任公司,164.7,1
星光联盟影业无锡有限公司,369.7,3
正能量影业无锡有限公司,147.9,1
大象微记录,79.4,1
上海易腾影视文化有限公司,79.4,1
蓝狮子文化创意有限公司,79.4,1
北京而立视界文化有限公司,79.4,1
光棍儿（北京）文化发展有限公司,1230.4,1
浙江光棍儿影视文化有限公司,1230.4,1
北京华夏兄弟国际文化传媒有限公司,56.7,1
咸宁市城市建设投资开发有限公司,56.7,1
咸宁市旅游局,56.7,1
抚州市鸿文文化传媒有限公司,0.0,1
江西抚州鸿文文化传媒有限公司,0.0,1
黄太吉,77.8,1
春光映画（北京）文化传播有限公司,77.8,1
中共黑龙江省委宣传部,1210.4,1
黑龙江广播电视台,1210.4,1
黑龙江龙视文化传媒集团,1210.4,1
北京登峰国际文化传播有限公司,54444.2,1
南京军区政治部电视艺术中心,54444.2,1
九州天成影视文化有限公司,377.92,1
孙达电影工作室,377.92,1
昊星姐弟（北京）国际文化传媒有限公司,377.92,1
北京宏德辉煌文化投资有限公司,50.5,1
北京欢乐影业有限公司,8107.1,1
北京捷成时代文化传媒有限公司,8107.1,1
喜剧者联盟影业,8107.1,1
深圳市华浩文化传媒有限公司,61.3,1
南京明博文化传播有限公司,0.0,1
HIT Entertainment Ltd. ,1796.7,1
Arc Productions ,1796.7,1
谷乐乐投资有限公司,37097.2,2
嘉兴尚文文化传媒有限公司,91.3,1
上海极杜文化传播有限公司,91.3,1
眉山东坡宋城文化旅游发展有限公司,91.3,1
眉山极杜文化传播有限公司,91.3,1
深圳前海泰东文化传媒有限公司,98.8,2
杭州迈拓品牌策划有限公司,91.3,1
深圳川安视星,91.3,1
晋尚中天影视文化传播（北京）有限公司,0.0,1
吕梁市鑫晖文化传媒有限公司,0.0,1
北京笨鸟高飞影视文化有限公司,637.5,1
北京玖门肆城影视文化有限公司,637.5,1
湖北电影制片厂,111.1,2
湖北中盟影视有限公司,3.5,1
武汉五洲恒顺创业投资管理有限公司,3.5,1
中视尚影（北京）文化传媒有限公司,133.2,1
青岛飞拉利集团有限公司,133.2,1
高龙控股有限公司,133.2,1
上海飞科电器股份有限公司,133.2,1
北京昆尚文化传媒有限责任公司,133.2,1
深圳铁色高原文化传播有限公司,13.7,1
浙江三乐影业有限公司,243952.0,1
冠星娱乐有限公司,243952.0,1
祖恩影视文化传媒（北京）有限公司,18.5,1
壹马时代传媒（北京）有限公司,832.3,2
京兆鸿（北京）投资管理有限公司,334.1,1
二零一三（北京）影视文化传媒有限公司,334.1,1
上海星格影业有限公司,26.0,1
上海兴美文化传播有限公司,26.0,1
夏纳文化传播有限公司,26.0,1
上海晨杰文化传媒有限公司,26.0,1
上海魔洲影业有限公司,26.0,1
上海出版印刷高等专科学校,26.0,1
上海盛美影视文化传媒有限公司,26.0,1
合信中金投资管理公司,35196.700000000004,2
突围电影制片公司,4362.8,1
陕西文投（影视）艺达投资有限公司,1314.8,1
华娱时代影业（北京）投资股份有限公司,1314.8,1
海南广电传媒影视有限公司,1314.8,1
北京梦工作文化艺术有限公司,1314.8,1
香港星藝有限公司,17.1,1
香港mm2影视娱乐制作有限公司,17.1,1
香港电影发展基金会,1224.02,5
天极数码制作有限公司,185.7,1
金向有限公司,185.7,1
北京百衲龙图文化有限公司,185.7,1
华纳世纪文化产业,185.7,1
广东南方电视台,2650.9300000000003,2
深圳市万象微影传媒有限公司,52.7,1
深圳秀身堂商贸有限公司,52.7,1
深圳市芸萩服饰有限公司,52.7,1
北京市华通银海影视文化传媒有限公司,52.7,1
北京广大时代文化传播有限责任公司,180.5,1
四川意境天地文化传媒有限公司,180.5,1
珠海大卫文化传播有限公司,180.5,1
北京星光影美影视器材有限公司,180.5,1
百灵时代传媒集团有限公司,180.5,1
时代天骄文化传媒有限公司,4217.83,2
Reel FX Creative Studios ,3961.9,1
Mandoo Pictures Co. ,3961.9,1
漫动时空（香港）有限公司,3961.9,1
华谊腾讯娱乐有限公司,3961.9,1
漫动时空文化发展（天津）有限公司,3961.9,1
梦幻工厂文化传媒（天津）股份有限公司,3961.9,1
天津画国人动漫创意有限公司,3961.9,1
吉姆汉森科技发展（天津）有限公司,3961.9,1
MANDOO Pitcures ,3961.9,1
北京漫动时空文化传播有限公司,3961.9,1
上海淘米网络科技有限公司,26521.14,7
北京华映星球国际文化发展有限公司,5276.92,3
中国教育电视台,1747.28,1
上海淘米动画有限公司,6710.38,2
东阳映亚影视制作有限公司,6845.0,1
苏州龙辰文化发展有限公司,216.8,1
上海畅梦移动网络科技有限公司,216.8,1
石头天使影业,2628.4,1
七星娱乐集团,2628.4,1
北京影梦国际文化传播有限公司,417.45,1
东莞光午文化传播有限公司,551.9,1
北京合拍欣喜影视文化传媒有限公司,198.6,2
华艺娱乐集团有限公司,781.12,2
东莞市群艺影视制作有限公司,0.0,1
珠海世纪星影业有限公司,0.0,1
河北瑞丰晟视文化传媒有限公司,0.0,1
江苏华红影视投资有限公司,8440.8,1
北京盛世鼎典文化传媒有限公司,8440.8,1
东阳横店九天云影视文化工作室,8440.8,1
上海星泓文化传播有限公司,127.2,1
励骏会（北京）文化传媒有限公司,127.2,1
北京星泓世纪文化发展有限公司,127.2,1
太平洋岛国贸易与投资专员署,127.2,1
苏州光华集团有限公司,127.2,1
前涌金融信息服务,127.2,1
山东省五莲县人民政府,127.2,1
山东省五莲山旅游风景区管理委员会,127.2,1
斐济大使馆,127.2,1
深圳狐狸猎犬互动娱乐有限公司,0.1,1
北京中视远图影视传媒有限公司,10.8,1
北京浩然之气影视文化传媒有限公司,10.8,1
坤艮聚和（北京）文化传媒有限公司,10.8,1
天津百逸互娱动漫有限公司,619.9,1
江西泰豪动漫有限公司,619.9,1
咪咕文化科技有限公司,1834.1999999999998,3
浙江省磐安县碧海青天影视传媒有限公司,1.3,1
浙江红点影视制作有限公司,1.3,1
东阳网传天下文化传媒有限公司,1.3,1
杭州辉煌时代动画制作有限公司,3.2,2
杭州明朗影视制作有限公司,15.0,3
北京东方雅荷文化传播有限公司,3.1,1
建德雨歌动漫制作有限公司,3.1,1
时代电影动画工坊,3.1,1
中央电视台央视动画有限公司,13013.1,2
中国广播电影电视节目交易中心,8928.5,2
鹿鸣影业有限公司,8769.2,1
中央电视台少儿频道,8769.2,1
中国广播电影节目交易中心,8769.2,1
西安曲江影视投资集团有限公司,18399.0,3
宽银幕电影工作室,5336.57,2
台湾文创一号股份有限公司,5436.7699999999995,2
拔迪创意有限公司,17336.7,1
少林寺文化传播（登封）有限公司,17137.91,1
北京美涛佳艺影视文化传播有限责任公司,17137.91,1
河南电视台电视剧部,17137.91,1
北京国是经纬科技有限公司,70.3,1
天津滨海新区国是经纬文化传播有限公司,70.3,1
拉萨国是经纬文化传播有限公司,70.3,1
成都国是经纬文化传播有限公司,70.3,1
西藏音像出版社,70.3,1
合肥创新符号影视文化有限公司,75.64,2
广州弘光电影投资合伙企业,3221.3,1
新视界文化传媒有限公司,3221.3,1
香港思远影业公司,641.81,1
昌荣传媒有限公司,71896.85,2
北京中视广经文化发展有限公司,1686.1,1
北京广义祯投资管理有限公司,1686.1,1
国视经典影视制作投资有限公司,1686.1,1
北京中外世纪影视文化传播有限公司,324.5,2
海宁火星人文化传播有限公司,308.2,1
亚德文化创意股份有限公司,308.2,1
香港星汇影视有限公司,308.2,1
北京蓝海龙文化传播有限公司,308.2,1
上海神兵天将影业有限公司,1183.15,2
影尚星光（北京）文化传媒有限公司,0.0,1
梅园艺影（北京）文化传媒有限公司,0.0,1
最高人民检察院影视中心,241.9,2
江西省铅山县人民政府,14.5,1
北京飞天魅影文化传播有限公司,14.5,1
北京帮柏美亚洲文化发展中心有限公司,1.4,1
墨雨春秋（北京）文化传媒有限公司,584.4,1
杭州国影文化创意有限公司,584.4,1
北京和润鸿蒙影视文化有限公司,13860.6,2
北京秦禾嘉业文化传媒有限公司,5018.5,1
上海艺都文化传播有限公司,12.6,1
北京中视寰影文化传媒中心,12.6,1
北京歌华传播中心有限公司,244.2,1
千色映画（北京）国际广告传媒有限公司,244.2,1
北京中亿影像国际文化传媒有限公司,44.9,1
海颂传媒（中国）股份有限公司,413.6,1
中共宁波市海曙区宣传部,30.099999999999998,2
宁波龙泰影视有限公司,2.2,1
北京建元东堂文化传媒有限公司,2.2,1
景德镇智博影业文化有限公司,21.2,1
深圳悠悠岁月文化发展有限公司,21.2,1
浙江博采传媒有限公司,1710.4,1
浙江博卡思教育软件有限公司,1710.4,1
杭州中国国际动漫节会展有限公司,1710.4,1
北京秋日极光品牌管理有限责任公司,1710.4,1
Babieka ,11845.4,1
A113 ,11845.4,1
北京祥瑞万方影视文化传媒有限公司,0.1,1
东阳白颐影视文化有限公司,44.5,1
坏机器人,307591.70999999996,5
卢卡斯电影有限公司,82538.7,1
Truenorth Productions ,82538.7,1
美国坏机器人制片公司,118173.95999999999,2
汤臣国际娱乐发行有限公司,2860.6099999999997,2
富兰克林文创创业投资股份有限公司,1436.81,1
一三一四摇篮影视文化传媒,521.4,1
上海米九影视文化有限公司,521.4,1
Skydance Productions ,102769.31,2
华桦传媒,43735.86,2
阿里影业,35635.26,1
Perfect Storm Entertainment ,35635.26,1
Sneaky Shark ,35635.26,1
天空之舞制片公司,35635.26,1
完美风暴娱乐,35635.26,1
美国派拉蒙影业公司,35635.26,1
美国天空之舞制片公司,35635.26,1
美国完美风暴娱乐公司,35635.26,1
美国狡猾鲨鱼制片公司,35635.26,1
宝蓝电影制作有限公司,6505.38,1
M&FC ,6505.38,1
North by Northwest Entertainment ,6505.38,1
电影工作室有限公司,6505.38,1
牡丹江新闻传媒集团,206.69,1
安徽传智文化传媒有限公司,0.0,1
阜阳市传媒业商会,0.0,1
秀宝,4697.9,1
上海麦丹影视文化有限公司,199.5,1
杭州年糕文化艺术策划有限公司,199.5,1
上海荣仕广告有限公司,199.5,1
Pathé ,628.8,2
重庆中闻凯帝影视传媒有限公司,884.0,1
重庆费洛蒙影视文化传播有限公司,884.0,1
北京艺鸿天成文化传媒有限公司,884.0,1
One Race Films ,260637.69999999998,2
Aperture Entertainment ,17982.9,1
NeoReel ,17982.9,1
Atmosphere Entertainment MM ,17982.9,1
兴隆环球集团有限公司,5832.02,1
成都传媒集团先锋影视有限公司,5832.02,1
温州天运纵横文化传播有限公司,0.0,1
广州遐迩文化传播有限公司,155.8,1
杭州中赢影视传媒有限公司,97.81,1
浙江凯恩影视文化传播有限公司,97.81,1
杭州正野影业有限公司,97.81,1
杭州文联影视动漫创作中心,97.81,1
北京鲜花盛开影业有限公司,28353.4,1
北京新浪互联信息服务有限公司,30125.08,3
上海创展文化传媒有限公司,28353.4,1
北京云图影视文化传媒有限公司,32384.160000000003,2
深圳市百誉影业投资有限公司,28353.4,1
时尚芭莎,219.2,1
北京伊德文化发展有限公司,11.7,1
影市堂股份有限公司（中国香港）,44.7,1
北京世纪喜讯文化发展有限公司,39.6,1
上海思远影视文化传播公司,6820.0,1
北京宣亚国际投资有限公司,6820.0,1
上海翡翠东方传播有限公司,6820.0,1
中视剧风（北京）文化传媒有限公司,6820.0,1
星意（上海）文化传播有限公司,4.7,1
福建玉川文化产业投资有限公司,4.7,1
Flynn Picture Company ,66506.0,2
加拿大元娱乐公司,3539.9,1
Stoney Lake Entertainment ,3539.9,1
北京利川同人投资公司,947.8,1
北京真善美慧影业公司,947.8,1
道盛奇正（北京）管理咨询有限公司,947.8,1
杭州涌源文化艺术策划有限公司,947.8,1
星美传媒集团有限公司,1914.76,1
睦谷富投资集团,56035.2,1
湖南大映公益电影传媒有限公司,425.22,2
北京乐观文泰传媒有限公司,830.34,1
思美传媒股份有限公司,4967.1,1
恒信玺利实业股份有限公司,4967.1,1
北京光景世界影视文化有限公司,21.1,1
山西向红影视文化传媒,500.0,1
杨议影视文化传播有限公司,207.2,1
北京老虎数字传媒有限公司,4.65,1
北京四海腾飞影视文化传媒有限公司,3471.57,1
北京中视传媒影视文化传播有限公司,3471.57,1
乐道文化投资有限公司,3471.57,1
凤凰影视文化有限公司,3799.3700000000003,2
TriStar Pictures ,15976.4,1
苏州欧瑞动漫有限公司,399.4,1
北京慈恩源文化传媒有限公司,2444.55,1
华深国际投资有限公司,2444.55,1
上海尚视影业有限公司,12548.3,1
上海东方卫视,12548.3,1
杭州黑马影视文化有限公司,12548.3,1
北京喜迎盛世影视文化发展有限公司,406.7,1
北京文星宇文化传媒有限公司,406.7,1
北京浩美百世文化发展有限公司,406.7,1
志存高远（北京）文化传媒有限公司,406.7,1
北京虎兔马影视文化发展有限公司,406.7,1
亚美世纪影视文化（北京）有限公司,406.7,1
广州蓝弧文化传播有限公司,833.3,1
北京盛世翔和国际影视文化传播有限公司,137.0,1
北京紫禁城三联影视发行有限公司,167.6,1
成都星娱影视文化发展有限公司,167.6,1
北京奇天大地影视文化传播有限公司,167.6,1
深圳平凡文化传播有限公司,167.6,1
四川太平洋文化传播有限公司,167.6,1
北京和合悦视文化传播有限公司,37900.2,1
中国文化产业投资基金,126814.76,2
栀子花开（天津）文化传播有限公司,37900.2,1
江苏文华东润影视文化有限公司,158790.3,3
北京洪泰同创投资管理有限公司,37900.2,1
北京光彩世纪文化艺术有限公司,37900.2,1
北京快乐京林文化传播有限公司,37900.2,1
千和影业（北京）有限公,37900.2,1
北京韵艺辉煌文化传媒有限公司,10.3,1
北京其卡通动画公司,21369.0,4
北京其欣然影视文化传播有限公司,26525.4,5
其石电影基金,19160.199999999997,3
辽宁亨通传媒股份有限公司,6426.3,1
百视通网络电视技术发展有限责任公司,6426.3,1
烟台东方电影有限公司,10.6,1
金桥集团,10.6,1
山东沃尔德影视传媒有限公司,20.7,1
深圳东方梦世界电影投资公司,46.1,1
北京都城宏胜文化发展有限公司,46.1,1
杭州和山文化艺术有限公司,0.1,1
天下乐田电影文化传媒（北京）有限公司,209.4,1
北京云之国影音文化有限公司,209.4,1
北京鹏讯文化科技有限公司,209.4,1
浙江天鹏传媒有限公司,615.3000000000001,2
极越电影有限责任公司,71.1,1
上海华桦文化传媒有限公司,8344.9,2
北京恒业时光影视文化传播有限公司,8100.6,1
东阳向上影业有限公司,97359.8,3
向上影业,8100.6,1
唯品会,8100.6,1
太维文化,8100.6,1
北京乐华圆娱文华传播有限公司,8100.6,1
上海太维文化传播有限公司,8100.6,1
湖北罗田电视台,0.0,1
北京中泰世博文化传播有限责任公司,3.1,1
广西省田林县政府,3.1,1
浙江永乐影视制作有限公司,372.0,1
理想文化产业有限公司,372.0,1
荣诚国际文化传媒（北京）有限公司,333.5,1
秀诚文化传媒（北京）有限公司,333.5,1
阳光七星娱乐媒体集团,32233.2,1
山东沃航文化传媒有限公司,450.5,1
河南正和独立影视文化传播有限公司,16.0,1
北京时空传奇文化艺术有限公司,10.2,1
上海梵摩影视制作有限公司,479.3,1
上海开圣影业文化传媒有限公司,479.3,1
开圣佳视（北京）文化传播有限公司,479.3,1
鼎盛文化产业投资有限公司,24204.809999999998,2
北京联盟影业投资有限公司,18590.48,1
空军电视艺术中心,18590.48,1
浙江横店电影院线有限公司,2772.6,2
北京光辉联晟影视有限公司,551.6,1
四川峨影新生力文化传播有限公司,729.4000000000001,2
飞啦影视文化（上海）有限公司,551.7,1
上海华娱星库文化传播有限公司,920.4000000000001,2
上海骑兵文化传播有限公司,551.7,1
上海他石投资管理中心（有限合伙）,551.7,1
上海宇昌烽影视投资管理有限公司,551.7,1
上海他石投资管理中心,551.7,1
上海广频文化传播有限公司,551.7,1
上海兆旸影视传媒有限公司,368.7,1
北京华升顶峰影视传媒有限公司,368.7,1
北京华升顶峰影视文化传媒有限公司,368.7,1
龙隆昌（北京）影视文化有限公司,747.06,2
上海良仟文化传播有限公司,541.36,1
中国电影博物馆,541.36,1
北京真实焦点影视文化传播有限公司,50.3,1
呼和浩特市信迪文化传媒有限公司,50.3,1
北京大华影语文化传播有限公司,73.6,2
北京慧华东方文化投资有限公司,23.11,1
北京七宏佳艺文化发展有限公司,177.21,2
中政影业文化（北京）股份有限公司,257.5,2
海南七宏佳艺文化传媒有限公司,56.1,1
北京梦想时刻影视文化传媒有限公司,56.1,1
海南鹏达文化传播有限公司,56.1,1
江苏大禾文化发展有限公司,56.1,1
海南中视文化传播股份有限公司,56.1,1
北京展翅上腾文化交流有限公司,56.1,1
北京嘉禾政通国际影视文化有限公司,500.0,1
江苏火火影视文化有限公司,5.2,1
鼎龙达（北京）国际文化传媒有限公司,70603.25,2
广州爱动影视科技有限公司,392.5,1
广东中冠贸易有限公司,392.5,1
广东粤动传媒有限公司,392.5,1
爱动漫工作室,392.5,1
华派影业（深圳）有限公司,5.0,1
Universal Studios Inc. ,4508.04,1
厦门鹤武江南文化传播有限公司,47.5,1
杭州今古时代电影制作有限公司,9.2,1
福建太阳山影视文化发展有限公司,9.2,1
福建时代高峰影业有限公司,9.2,1
奉化市广播电视中心,11.899999999999999,2
宁波市司法局,9.2,1
河南影视制作集团,1101.1,1
大象出版社有限公司,1101.1,1
中共河南省委宣传部,1101.1,1
河南省广播电影电视剧,1101.1,1
金泉华艺（北京）影视艺术有限公司,122.6,1
苏州金泉华文化艺术传播有限公司,122.6,1
西影集团股份有限公司,1093.9,1
合润传媒,1093.9,1
强大娱乐,1855.7,2
盛万上盈,1093.9,1
星润嘉业,1093.9,1
厦门蓝火焰影视动漫有限公司,584.2,1
Roth Films ,95381.5,4
无限动力实业有限公司,1060.18,4
新亚洲娱乐联盟集团,7091.8,1
星皓影业有限公司,123663.9,4
烟台文化发展投资基金有限公司,2545.9,2
三七互娱（上海）科技有限公司,811.0,1
中国动漫集团公司,1220.5,1
中娱文化股份有限公司,1220.5,1
奥空动画公司,1220.5,1
北京中视美星国际文化传媒有限公司,0.0,1
华纳兄弟公司,92516.9,2
Jerry Weintraub Productions ,30604.6,1
Riche Productions ,32147.260000000002,3
Dark Horse Entertainment ,30604.6,1
杰瑞·韦恩特拉波制片公司,30604.6,1
riche/ludwig制作公司,32147.260000000002,3
ratpac-dune娱乐公司,30604.6,1
Beagle Pug Films ,30604.6,1
美国华纳兄弟影片公司,96964.56999999999,3
华纳兄弟影业公司,92516.9,2
广州金川文化有限公司,4211.8,3
深圳市掌众信息技术有限公司,718.9,1
浙江高乐动漫有限公司,718.9,1
北京大汗天下传媒有限公司,756.3,1
深圳腾讯计算机系统有限公司,14469.68,3
优扬（天津）动漫文化传媒有限公司,65277.2,3
腾讯电影,7697.4,1
魔方工作室,7697.4,1
微票儿,7697.4,1
上海复逸文化传播有限公司,4402.7,2
华影亿时代国际影业（北京）有限公司,898.2,1
北京盛世天禧国际文化艺术有限公司,898.2,1
临颍喜盈盈影视传媒有限公司,898.2,1
北京浩昊科技发展公司,57.36,1
北京星光大道影视制作有限公司,1525.9,2
指点影业（北京）有限公司,120863.3,2
天津电影制片厂,632.91,3
梦想者（北京）影视文化传媒有限公司,554.4,1
北京金鸟鸣影视文化有限公司,0.1,1
威海金马影视城有限公司,18.8,1
北京东方星光国际文化传媒,56.0,1
Big Farm ,1548.31,1
Cartoon Saloon ,1548.31,1
Digital Graphics ,1548.31,1
Irish Film Board ,1548.31,1
Mélusine Productions ,1548.31,1
Noerlum Studios ,1548.31,1
Super Productions ,1548.31,1
Magellan Films ,1548.31,1
Studio 352 ,1548.31,1
北京汇丰源影视文化传媒有限公司,55.9,1
北京蒙太奇环球影业有限公司,55.9,2
国家海洋局宣教中心,55.9,1
中国电视艺术家协会,55.9,1
广东惠东海龟国家级自然保护区管理局,55.9,1
福建真恒业文化传播有限公司,6417.4,1
浙江天猫技术有限公司,7356.5,2
北京千橡网景科技发展有限公司,6417.4,1
北京风行在线技术有限公司,6417.4,1
西安曲江美霖影视文化有限合伙企业,1006.3,1
重庆金佛山文化传媒有限公司,18.3,1
全国中小学电影教育供片中心,18.3,1
重庆保利万和院线,19.5,1
中国台湾和田电影有限公司,19.5,1
重庆南川刘凌电影工作室,19.5,1
北京华鸣星空国际文化传媒发展有限公司,5301.360000000001,2
万诱引力甲有限公司,69525.7,2
海宁壹颗心影视文化有限公司,88157.0,2
再旦（北京）影视文化传媒有限公司,51102.9,1
祥禾盛世国际影视文化传媒（北京）有限公司,51102.9,1
北京好家伙国际影视文化发展有限公司,51102.9,1
北京风华再现文化传播有限公司,105.5,1
河南风华再现影视策划有限公司,105.5,1
深圳市环球数码影视文化有限公司,10794.79,3
香港星王朝有限公司,164273.90000000002,2
北京和颂世纪文化传播有限公司,97473.6,1
中国星集团,111783.6,1
夢造者,111783.6,1
火红电影有限公司,26320.4,2
中共庆元县委,27.9,1
庆元县人民政府,27.9,1
狮子山制作有限公司,506.5,2
深圳马语者文化传播有限公司,10.1,1
深圳市公安局消防监督管理局,10.1,1
Bandai Namco Entertainment ,10322.1,1
Pierrot ,10322.1,1
Aniplex ,10322.1,1
Three T Productions ,3067.4,1
VGTRK ,3067.4,1
江苏吴都潇湘影视文化发展有限公司,583.2,1
桐乡百城映像文化传媒有限公司,0.0,1
黑蚂蚁(上海)影业有限公司,478601.99,4
美国湖岸影业公司,1688.9,1
STX Entertainment ,1688.9,1
Vertigo Entertainment ,1688.9,1
北京标准影像文化传播有限公司,30482.3,1
北京库客东方文化传播有限公司,8.9,1
北京东方明星影业有限公司,8.9,1
北京圣视锦麟国际影视文化有限公司,277.46,1
北京星邦美纳娱乐文化传媒有限公司,177.8,1
北京首印传媒有限公司,177.8,1
深圳市宝安区福永杂技艺术团,191.72,1
天津金狐文化传播有限公司,116014.5,1
深圳市华强数字动漫有限公司,24808.1,1
深圳华强数字动漫有限公司,58324.5,2
深圳华强文化科技集团股份有限公司,58324.5,2
乐视网信息技术（北京）股份有限公司,29558.2,1
飞狐信息技术（天津）有限公司,29558.2,1
中国电影艺术研究中心,12.5,1
北京正道恒业影视文化传媒有限公司,0.6,1
Team Todd ,38703.7,1
Tim Burton Productions ,38703.7,1
Legend3D ,38703.7,1
上海锦瑟天下影视有限公司,321.7,1
大卫传媒投资有限公司,321.7,1
国民信托有限公司,321.7,1
上海以观传播有限公司,321.7,1
东方晴辉(北京)国际文化传媒有限公司,63.3,1
珠海市星座文化传播有限公司,25.5,1
东莞多影多视文化传播有限公司,25.5,1
友邦兄弟（北京）影视文化传播有限公司,25.5,1
俞才斌影视工作室,25.5,1
四川英明影视文化艺术有限责任公司,123.9,1
北京京奇非凡影视文化有限公司,123.9,1
台湾魔力模力国际文化传播有限公司,123.9,1
天山电影制片厂,43.4,2
上海汪子琦文化传播有限公司,113.8,1
电影梦工作室有限公司,113.0,1
北京北角映画文化传播有限公司,534.37,1
湖南飞尔蒙影业传媒有限公司,534.37,1
Illumination Entertainment ,38878.12,1
照明娱乐公司,38878.12,1
环球影业,240990.32,4
北京热麦国际影视文化传媒有限公司,722.8,1
北京渔阳集团,722.8,1
德福（天津）投资集团有限公司,722.8,1
中国民生银行股份有限公司,722.8,1
浙江金沙影业有限公司,0.0,1
天津滨海新区环宇影视传媒有限公司,59.2,1
北京鼎龙盛世文化传媒有限公司,1.5,1
中视新影（北京）数字影视文化有限公司,762.8,1
新影天均（北京）影视文化传播股份有限公司,762.8,1
北京仁和博纳文化传媒有限公司,20.1,1
北京湍泷天吼文化传媒有限公司,22.3,2
星皓娱乐集团,107334.29999999999,3
北京龙世纪文化传播有限公司,1734.9,1
西部电影集团有限公司,1734.9,1
智慧工场（北京）文化传媒有限公司,80.0,1
北京央广纵横文化传媒有限公司,80.0,1
北京岐波盛世文化传媒有限公司,32.2,2
上海星洲文化传媒有限公司,0.1,1
善林(上海)金融信息服务有限公司,0.1,1
时代三和文化投资（北京）股份有限公司,1211.9,1
上海锦瑟文化传播有限公司,1211.9,1
深圳炫奇文化传播有限公司,1211.9,1
浙江华友文化创意有限公司,39.0,1
杭州奇门盾甲文化创意有限公司,39.0,1
杭州黑奥文化艺术策划有限公司,39.0,1
深海影视工作室,39.0,1
源动力文化传媒有限公司,39.0,1
江苏原力电脑动画制作有限公司,6690.48,1
无锡爱美神影视文化有限公司,6690.48,1
heli chen'guang international media,6690.48,1
星光麦特传媒集团有限公司,20184.010000000002,2
江苏原力电脑制作有限公司,6690.48,1
和力辰光国际文化传媒北京股份有限公司,6690.48,1
北京天娱传媒有限公司,22348.3,1
一线视界（北京）文化传媒有限公司,505.9,1
上海轩煌影视文化传媒有限公司,444.20000000000005,2
上海煊祖文化传播有限公司,98.6,1
羽高（上海）投资管理中心,98.6,1
上海酷哇伊文化传媒有限公司,18255.8,2
北京时代星空文化传媒有限公司,11618.9,1
喀什蓝色火焰文化传媒有限公司,11618.9,1
上海若木影视投资有限公司,11618.9,1
北京嘉宝伯锐国际文化传媒有限公司,11618.9,1
北京宣艺天地文化传媒有限公司,11618.9,1
重庆小熊座文化传播有限公司,3.8,1
浙江博瑞影视制作有限公司,9.6,1
河南枫岭影视传媒有限公司,9.6,1
浙江东阳言鼎影视传媒有限公司,9.6,1
河北冠艺影视制作有限公司,149.74,1
上海红地毯文化传播有限公司,51.0,1
山西飞播影视文化传媒有限公司,51.0,1
西安龙年影视文化传播有限公司,68965.2,2
北京天环国际文化传媒有限公司,15526.9,1
日舞国际娱乐股份有限公司,286.6,1
金是传媒行销企业有限公司,286.6,1
犀利电影股份有限公司,286.6,1
王佩华工作室有限公司,286.6,1
中国国际电视总公司,159.3,1
上海肯米特唐华文化传媒股份有限公司,159.3,1
上海犹太难民纪念馆,159.3,1
高先电影有限公司,57.0,1
北京光影部落影视文化传播有限公司,700.3,2
中国三环音像社,167.4,1
南京澜印象文化传播有限公司,167.4,1
江苏大烨影视文化投资有限公司,167.4,1
杰瑞·布鲁克海默电影公司,8145.2,1
文山百灵鸟影视摄制有限公司,44.3,1
文化中国传播集团,69970.9,1
荷贝拉艺公司,69970.9,1
火星电影公司,69970.9,1
威邦奇公司,69970.9,1
希罗迪亚集团,69970.9,1
珠尔制片公司,69970.9,1
海南传奇影业有限公司,581.1,1
海南春天文化传媒有限公司,837.1,2
喜洋洋电影工作坊有限公司,3050.3,2
昌生投资有限公司,634.5,1
Chernin Entertainment ,32697.08,2
20世纪福克斯公司,70925.2,1
20世纪福克斯德国分公司,70925.2,1
广东咏声文化传播有限公司,10097.48,3
方金影视文化传播（北京）有限公司,612.4,2
北京菲儿幕文化传媒有限公司,586.0,1
北京鼎力同人影视文化中心,586.0,1
福建神画时代数码动画有限公司,85.7,1
法国同一赛手有限公司,159.5,1
北京春秋鸿文化投资有限公司,13392.3,1
北京咏而归影视传媒有限公司,13392.3,1
北京春秋恒文化传媒有限公司,13392.3,1
翰博嘉盛（北京）影视投资有限公司,13392.3,1
大连广播电视台,13392.3,1
天狮集团有限公司,13392.3,1
河北影视集团有限公司,5385.6,2
北京天成翔业广告有限公司,3211.6,2
容盛文化传媒有限责任公司,3164.6,1
中共河北省委宣传部,3164.6,1
河北省广播电影电视局,3164.6,1
中共石家庄市委宣传部,3164.6,1
福建星宇文化传播有限公司,3164.6,1
福州易货通文化传播有限公司,3164.6,1
福建汉室电影有限责任公司,3164.6,1
北京猿川影视文化有限公司,13173.1,2
Millenium Films ,4439.06,1
影童国际有限公司,117.5,1
北京光合作物文化传媒有限公司,10.91,1
西安盛和星影业,255.0,1
兴河文化传媒投资有限公司,255.0,1
东方之眼公司,772.48,1
Blitz Films ,3155.54,1
成都赛为文化顾问有限公司,9.0,1
成都唯爱婚庆服务有限公司,9.0,1
华数传媒网络有限公司,70623.35,2
茅迪影视文化有限公司,412.6,1
上海米子影视制作有限公司,412.6,1
杭州南广影视制作有限公司,412.6,1
k&q株式会社,412.6,1
海南仙寮投资有限公司,48.3,1
香港橙天嘉禾娱乐（集团）有限公司,1248.8,1
ufo电影人制作有限公司,7522.3,2
康斯坦丁影业公司,11058.8,1
沈阳畅艺文化传媒有限公司,0.2,1
广东南方都市报经营有限公司深圳分公司,45.7,1
广东金逸珠江电影院线有限公司,8454.0,2
北京一声春雷影视文化有限公司,2221.0,1
河南文化影视集团有限公司,2319.58,3
江苏文化产业集团,2221.0,1
湖北银兴院线影业有限责任公司,2221.0,1
陕西美图文化传播有限公司,6.2,1
广州中喜企业管理咨询有限公司,1376.2,1
佳景丽音文化传播有限公司,1376.2,1
上海香蕉影画影视文化传媒有限公司,1376.2,1
贵州省春晖行动发展中心,20.3,1
广州秀天下文化传播有限公司,20.3,1
南宁暄宜广告文化传播有限公司,20.3,1
北京中博巨石文化传媒有限公司,20.3,1
共青团贵州省委,20.3,1
共青团黔东南州委,20.3,1
中共锦屏县委,20.3,1
贵州银幕文化传媒,20.3,1
贵州三影多彩文化传媒有限公司,20.3,1
阳光媒体集团,710.6,1
六合华纳（北京）文化传媒有限公司,31.4,1
江西尚世星河影视传媒有限公司,31.4,1
鑫奕祥龙国际文化传媒（北京）有限公司,31.4,1
宁波市暴风动漫有限公司,31.4,1
广州桦森影视有限公司,6299.0,2
广州文化产业投资管理有限公司,825.7,1
东莞立生投资有限公司,825.7,1
宁夏电影集团有限公司,71481.35,2
四川中蓝文化传播有限公司,70210.75,1
北京鱼化龙文化传播有限公司,70456.75,2
北京麒麟网信息科技有限公司,71481.35,2
华特·迪士尼动画公司,205664.9,2
Walt Disney Animation Studios ,153030.3,1
河北影龙文化传播有限公司,504.3,1
北京名将影视文化传播有限公司,2.4,1
山西作家影视艺术制作有限公司,2.4,1
理想微微文化发展（北京）有限公司,15.7,1
大连世润影视制作传播有限公司,15.7,1
楚伦文化传媒（上海）有限公司,32.0,2
上海上影英皇文化发展有限公司,8731.75,1
普拉嘉国际意像影艺股份有限公司,20433.3,1
东阳华录百纳影视有限公司,20433.3,1
北京云旗文化传媒股份有限公司,20433.3,1
引力影视国际有限公司,20433.3,1
中视云投文化产业投资有限公司,2433.4,1
澳洲极光影业公司,2433.4,1
麦克斯传媒有限公司,2433.4,1
22h22有限责任公司,2433.4,1
君舍文化投资（北京）有限公司,2433.4,1
重庆中盛衡顺广告公司,2433.4,1
北京响巢国际传媒股份有限公司,2433.4,1
红星坞娱乐传媒投资有限公司,2433.4,1
加拿大传媒投资有限公司,2433.4,1
加拿大塞维亚电影有限公司,2433.4,1
英国诺特瑞斯电影制作有限公司,2433.4,1
美国冰川电影有限公司,2433.4,1
博雅德中国娱乐有限公司,10259.5,1
上海福煦影视文化投资有限公司,33.9,1
东莞市莞宣文化传播有限公司,1113.8,1
深圳比克非凡文化创意有限公司,1113.8,1
北京紫金长天传媒文化有限公司,14163.31,1
湖南华翼星文化影视传媒,85.6,1
北京华瑞留芳文化传播有限公司,85.6,1
北京标准时间电影制作有限公司,85.6,1
香港晶艺电影事业有限公司,222.1,1
阳明中天（北京）影视传媒有限公司,0.0,1
杭州天马影视文化有限公司,5830.4,1
西安曲江梦园影视有限公司,8690.7,1
陕西景浩泽影视文化有限责任公司,8690.7,1
北京东方天明文化传播有限责任公司,8690.7,1
北京启泰远洋文化传媒有限公司,8690.7,1
陕西先行文化发展有限责任公司,108.2,1
中共神木县委县政府,108.2,1
南派泛娱有限公司,100021.35,1
海上影业,100021.35,1
北京瓦力网络科技有限公司（小米互娱）,100021.35,1
上海承宗文化传播有限公司,100021.35,1
北京瓦力网络科技有限公司,100021.35,1
坤元莲城影视文化传媒（北京）有限公司,0.0,1
北京市文博海纳影视文化有限公司,0.0,1
济南军区政治部电视艺术中心,28.9,1
武汉农商行传媒,28.2,1
中影集团电影数字制作基地有限公司,28.2,1
北京翡翠格纳文化有限公司,2.67,1
北京顶峰传奇影视文化有限公司,4200.7,1
金银国（厦门）文化传媒有限公司,4200.7,1
深圳前海摩尔传媒有限公司,4200.7,1
深圳市锦安控股有限公司,7705.2,2
北京网智天元科技股份有限公司,4200.7,1
博华（北京）影业有限公司,7705.2,2
台湾热窝文化传媒有限公司,4200.7,1
东莞先秦文化传播有限公司,4200.7,1
喜蓝(北京)文化传播有限公司,2.2,1
丝舒幔（北京）国际家具用品有限公司,2.2,1
北京谷天文化传播有限公司,83.0,1
宁波莱彼特文化传媒有限公司,0.8,1
武汉左右影视制作有限公司,146.7,1
湖北省检察官协会,146.7,1
苏宁环球股份有限公司,14527.7,1
深圳市城市文化发展有限公司,273.5,1
南京向天歌传媒有限公司,273.5,1
北京嘉傲泰合影视文化传媒有限公司,2013.8,1
广州达力动漫有限公司,673.4,1
秦州数字领海电影科技有限公司,9.6,1
江苏龙文振图动画制作有限公司,9.6,1
上海磐石投资有限公司,4597.1,1
Thunder Road Productions ,23541.0,1
Pyramania ,23541.0,1
Thunder Road Pictures ,23541.0,1
Mystery Clock Cinema ,23541.0,1
湖南若水文化传媒有限公司,779.73,1
Hartswood Films ,16134.9,1
BBC Cymru Wales ,16134.9,1
Masterpiece Pictures ,16134.9,1
广州大名娱乐经纪有限公司,3739.0,1
江阴国动文化传媒有限公司,2208.8,1
土豆动漫,6190.0,1
国动动画,6190.0,1
领航传媒,6190.0,1
福建电视台少儿频道,6190.0,1
郡嘉影视,6543.9,1
重庆少儿频道,6543.9,1
辽宁电视台,6543.9,1
山东青少频道,6543.9,1
福建少儿频道,6543.9,1
杭州少儿频道,6543.9,1
宁波少儿频道,6543.9,1
妈妈网,6543.9,1
九洲音像出版公司,407.25,1
济南一叶菩提文化发展有限公司,26.4,1
济南盛景文化传媒有限公司,26.4,1
美感（上海）文化传媒有限公司,396.38,2
西安幻象影视文化有限公司,379.6,1
北京龙宏源文化投资管理有限公司,379.6,1
北京影武者文化传媒有限公司,71380.6,1
北京华世金辉影视科技有限公司,3.2,1
北京大势渡文化传媒,503.8,1
杭州玄机科技信息技术有限公司,5998.1,1
上海骏梦网络科技有限公司,5998.1,1
重庆新博浪影视文化传媒有限公司,37.9,1
重庆艾瑞斯影视传媒有限公司,37.9,1
重庆天文星影视传媒有限公司,37.9,1
北京华乐百合国际影视文化传媒,37.9,1
北京快乐星文化传播有限公司,30823.3,1
北京韩露影视科技文化有限公司,24.0,1
襄阳百纳影视文化有限公司,6660.9,2
四川卿圣影视文化有限公司,80.8,1
北京安华信安投资有限公司,5810.73,1
深圳宾果文化发展有限公司,5810.73,1
北京百瑞传奇影业有限公司,5038.6,1
深圳泽西年代影业有限公司,3531.5,1
北京泰格尔影视文化传媒有限公司,733.3,1
北京华伟影业有限公司,733.3,1
北京嘉艺华创影视制作有限公司,1046.3,1
洁妮（北京）国际文化传媒有限公司,1046.3,1
阿虎（北京）国际影视传媒文化发展有限公司,1046.3,1
北京喜洋洋联盟影视文化有限公司,3575.43,1
熙正照明有限公司,47.0,1
tgr工作室,7324.9,1
群星瑞智国际娱乐股份有限公司,1067.9,1
居尔一拳有限公司,1067.9,1
浙江宏泰影视文化传播有限公司,10.1,1
欧盟中国经济文化委员会,71.3,1
中共临汾市委,71.3,1
中共临汾市政府,71.3,1
临汾市委宣传部,71.3,1
中共洪洞县委,71.3,1
江苏省华侨工艺基金会,71.3,1
深圳润鑫资产管理有限责任公司,71.3,1
北京开泰伟业文化传媒有限公司,1082.3,1
山西电影制片厂,1082.3,1
北京美特美文化传媒有限公司,332.1,1
北京缔久印象文化传媒有限公司,400.6,1
信达国信资本管理（北京）有限公司,96.5,1
活力天行影业投资（北京）有限公司,96.5,1
环球传奇影视娱乐有限公司,96.5,1
东莞市名博影视策划有限公司,96.5,1
芒果tv,2499.0,1
58影业,2499.0,1
优漫卡通卫视,2499.0,1
北京灵动星熠文化传媒有限公司,2499.0,1
湖南快乐阳光互动娱乐传媒有限公司,2499.0,1
58同城,2499.0,1
哔哩哔哩影业,2499.0,1
米粒影视文化传播有限公司,2499.0,1
炫彩互动网络科技有限公司,505.7,1
北京瑞盛太合文化传媒有限公司,247.7,1
中联智诚国际传媒广告（北京）有限公司,247.7,1
北京标牌文化传播有限公司,144.2,1
焦作晶彩电影制作有限公司,49.0,1
吉林映代码电影制作有限公司,49.0,1
北京鸣飞影视文化传媒有限公司,49.0,1
北京星邦文化传媒有限公司,652.3,2
北京汇铭鸿嘉影视文化发展有限公司,23.9,1
Worldview Entertainment ,708.6,1
MadRiver Pictures ,708.6,1
Sierra Pictures ,708.6,1
999 Holdings ,708.6,1
美国世界观娱乐公司,708.6,1
感动人生（北京）文化有限公司,341.1,1
上海琼洲影业有限公司,341.1,1
西安电影制片厂,6.43,1
浙江省永康万适诚影视传媒有限公司,0.0,1
北京高尔东传影视文化传播有限公司,67.7,1
北京龙火映画文化传播有限公司,170.8,3
北京齐鲁兄弟影视制作有限公司,28.1,1
华影（天津）影视投资有限公司,107.54,1
北京艾易美迅动画制作有限公司,447.0,1
北京必合氏嘉文化传媒有限公司,447.0,1
北京大爱者联盟影视传媒有限公司,473.3,1
山西电影集团,473.3,1
上海影萌科技有限公司,104.2,1
福建洋菲漾进出口贸易有限公司,104.2,1
北京全唐影视传媒文化有限公司,235.27,1
北京新光映画文化传媒有限公司,235.27,1
北京恒融康投资有限公司,235.27,1
Cross Creek Pictures ,10223.3,1
上海新文化传媒集团股份有限公司,428054.36,2
北京唐德国际电影文化有限公司,88914.56,1
Cider Mill Pictures ,88914.56,1
Dasym Enetertainment ,88914.56,1
北京耀莱影视文化传媒有限公司,88914.56,1
T,88914.56,1
中国国防电视宣传中心,101.82,1
厦门军安清泉影视投资有限公司,101.82,1
厦门蓝火焰影视公司,60.4,1
乐众影业,60.4,1
北京大楚长歌影视文化有限公司,9320.5,1
北京合力映画影视文化传媒有限公司,9320.5,1
北京格里芬影视文化传媒有限公司,28.8,2
无锡勋奇影视文化有限公司,327.8,1
苏州中茵集团有限公司,327.8,1
武汉硕博投资有限公司,327.8,1
无锡华西文化产业有限公司,327.8,1
无锡国融投资有限公司,327.8,1
上海心悦禅边投资管理有限公司,327.8,1
无锡国家数字电影产业园,327.8,1
Film i Vast ,471.7,1
Filmgate Films ,471.7,1
北京米灿文化传媒有限公司,38.8,1
巨邦影业集团,702.7,1
巨邦国际控股有限公司,702.7,1
深圳市巨邦文化传播有限公司,702.7,1
北京电影学院深圳研究院,702.7,1
比高集团有限公司,464671.79999999993,3
上海天矢文化传播有限公司,339972.39999999997,2
无锡辉驰影视文化发展有限公司,339972.39999999997,2
象山泽悦文化传播有限公司,339139.8,1
上海电影集团影视文化投资发展有限公司,339139.8,1
广东文化谷投资有限公司,1730.9,1
惊奇娱乐公司,93689.95,4
Marvel Entertainment ,196187.0,4
Studio Babelsberg ,125287.5,2
漫威影业公司,124617.0,1
北京缘起文化发展有限公司,69.30000000000001,2
苏州飞马良子影视有限公司,88.9,1
一种态度电影股份有限公司,616.24,1
昆明五房世纪影视投资有限公司,499.7,1
北京麦丽斯影视文化有限责任公司,10.15,1
北京博纳时代影视传媒公司,0.0,1
海宁文玖影视传媒有限公司,93707.8,2
上海读客图书有限公司,126466.30000000002,3
优酷出品,20887.8,1
北京老男孩文化投资有限公司,20887.8,1
北京磐晟投资管理有限公司,20887.8,1
安徽八点半文化传媒有限责任公司,20887.8,1
北京中金视线文化传播有限公司,20887.8,1
上海永琪企业管理有限公司,20887.8,1
北京千易时代文化传媒有限公司,20887.8,1
东阳紫风影视制作有限公司,20887.8,1
北京光彩影业传媒有限公司,20887.8,1
北京金鹤文化传媒有限公司,20887.8,1
上海儒意欣欣影视工作室,20887.8,1
和力辰光国际文化传媒（北,20887.8,1
新颜绽放文化传播有限公司,19.1,1
湖南建锋工程有限公司,19.1,1
北京动音乐扬文化传播有限公司,19.1,1
宁波稻草家族影视策划有限公司,1262.75,1
张猛工作室,1.1,1
金色环球传媒股份有限公司,5473.3,1
甘肃艺方水土影视发展有限公司,2.1,1
河南视界文化传媒有限公司,104.98,2
北京正义网络传媒有限公司,5.0,1
北京雅越文化传播有限公司,5.0,1
永康星辉影业有限公司,0.0,1
北京交远传媒有限公司,933.72,1
峨眉电影制片厂,72.8,1
福建朱子影视文化发展有限公司,1433.8,2
中共南平市委宣传部,805.4,1
福建省仙游美景影视文化传媒有限公司,805.4,1
四川挚友文化传播有限公司,805.4,1
东阳市花儿影视文化有限公司,33660.4,1
海洋星（北京）文化发展有限公司,33660.4,1
周拓如（上海）影视文化工作室,33660.4,1
北京星耀佳彤文化传播有限公司,33660.4,1
北京裕禾佳成文化传媒有限公司,33660.4,1
贵州幕域宸丰影视文化传媒有限公司,33660.4,1
上海蔻依文化传播有限公司,33660.4,1
浙江视通文化传播有限公司,193.5,1
杭州新鼎明影视投资管理有限公司,193.5,1
北京东海麒麟文化传播有限公司,193.5,1
杭州嘉环文化创意有限公司,628.4,1
苏州秦时代文化有限公司,628.4,1
浙江叁盆控股集团有限公司,628.4,1
天津世纪乐成文化传播有限公司,36846.9,2
天津逗友文化传播有限公司,241.3,1
Bang Singapore ,241.3,1
A Grand Elephant ,241.3,1
北京百世嘉文化有限公司,217.7,1
三映电影文化有限公司,217.7,1
尚宝佳艺国际影视文化传媒（北京）有限公司,0.1,1
英瑞佳和（北京）影视文化传媒有限公司,12.7,1
鄢陵英瑞佳和影视传媒有限公司,12.7,1
东阳英瑞佳和影视传媒有限公司,12.7,1
北京华夏星城影视文化艺术有限公司,371.06,1
壹彤国际文化传媒（北京）有限公司,184.83,1
湖南昭宁影视文化传媒公司,395.5,1
RatPac Entertainment ,99653.1,2
New Regency Pictures ,37740.8,1
Monarchy Enterprises S.a.r.l. ,37740.8,1
Appian Way ,37740.8,1
常州大卫兄弟影视有限公司,1.3,1
美国梦幻工业数码动漫公司,1.3,1
武汉光亚文化艺术发展有限公司,31.5,1
湖北视纪印象科技股份有限公司,31.5,1
北京燕昌荣新技术有限公司,31.5,1
景德镇红都影业文化有限公司,31.5,1
开化千和影视文化有限公司,31.5,1
深圳旺发投资发展有限公司,31.5,1
麒丰（上海）影视制作有限公司,192.0,1
上海宝影广告传播有限公司,192.0,1
上海埃圣玛金属科技集团有限公司,192.0,1
风和投资管理咨询（上海）有限公司,192.0,1
北京盛洪觉文化传媒有限公司,192.0,1
星势力娱乐股份有限公司,1305.4,1
香格里拉音乐有限公司,1305.4,1
达芙妮国际控股有限公司,1305.4,1
稻草综合制作有限公司,1305.4,1
阿荣影业有限公司,1305.4,1
力荣影视器材有限公司,1305.4,1
娱乐宝,1762.99,2
上海泓亮影视文化有限公司,3504.5,1
上海盐商集团有限公司,3504.5,1
上海梅卿传媒集团有限公司,3504.5,1
拍板影视文化（上海）有限公司,3504.5,1
深圳市前海华夏文化产业投资管理有限公司,3504.5,1
上海海嵛广告有限公司,3504.5,1
上海创丰投资管理股份有限公司,3504.5,1
北京东西音乐艺术制作有限公司,420.2,1
辽宁欧谷数字科技有限公司,420.2,1
深圳市中数文创资本管理有限公司,420.2,1
东越国际文化传媒（北京）有限责任公司,420.2,1
德方财富投资管理（大连）有限公司,420.2,1
航美传媒集团,1947.1200000000001,2
广州市艺丰影视文化有限公司,170.22,1
上海歌沃影业投资有限公司,170.22,1
广东粤安投资有限公司,170.22,1
新会蔡李佛始祖拳,170.22,1
深圳市天宇星影视文化有限公司,477.0,1
深圳市华夏动漫科技有限公司,477.0,1
陕西龙品文化传媒有限公司,195.0,1
北京花花世界文化传媒有限公司,761.8,1
北京银润影视文化有限公司,761.8,1
中海外大拇指文化传媒股份有限公司,761.8,1
中海外大拇指传媒,761.8,1
北京世纪天中文化传媒有限公司,761.8,1
中博银晟（北京）文化传播有限公司,761.8,1
银润传媒集团,761.8,1
北京万方幸星数码科技有限公司,662.5,1
苛刻与不同寻常影业,61912.3,1
DC Entertainment ,61912.3,1
华纳兄弟影片公司,61912.3,1
Cruel & Unusual Films ,61912.3,1
成都明羽文化传播有限公司,13.8,1
北京第新影力文化传播有限公司,9.9,1
北京中视国润文化传媒有限公司,9.9,1
宁波第新影力文化传播有限公司,9.9,1
北京鸿盟影视传媒有限公司,0.0,1
河北西柏坡影视制作中心,383.95,2
北京科影国际影视策划有限公司,245.8,1
中国数字文化集团有限公司,245.8,1
北京中教鸿兴文化传媒有限公司,245.8,1
北京燕城十月文化传播有限公司,95635.1,1
山东高路动画制作有限公司,95635.1,1
恭梓兄弟,95635.1,1
龙行盛世影视文化工作室,95635.1,1
淮安西游产业集团有限公司,95635.1,1
浙江永康壹禾,95635.1,1
山东影视传媒集团,95635.1,1
东方电影制作有限公司,104560.5,1
星际影业有限公司,104560.5,1
山东鲁信文化传媒投资有限公司,120079.1,1
福建中演文化产业发展有限公司,500.8,1
星尚润德（北京）影视文化传媒有限公司,500.8,1
长沙华湘房地产开发有限公司,6194.11,1
范冰冰工作室,6194.11,1
昆山长凡波影视文化有限公司,12.6,1
江苏冠信影视传媒有限公司,12.6,1
北京功做事影视文化有限公司,19591.2,1
上海新文化传媒集团股份有限公司北京分公司,19591.2,1
北京市公安局,19591.2,1
上海视骊影视制作有限公司,0.0,1
星光灿烂香港国际传媒有限公司,53438.3,1
北京幸福村文化交流有限公司,210.7,1
内蒙古蓝色故乡影业公司,210.7,1
北京照山河文化传播公司,190.3,1
北京正君文化传媒有限公司,3.5,1
意汇传媒,8.7,1
七星影视文化传媒（北京）有限责任公司,360.7,1
未来寰宇文化传媒（北京）有限公司,360.7,1
七星影视传媒（北京）有限公司,360.7,1
未来新影文化传媒（北京）有限公司,360.7,1
北京中拓国际拍卖有限公司,360.7,1
北京师大资产经营有限公司,360.7,1
红堂映画（北京）影视文化传媒有限公司,360.7,1
北京光影四季文化传播有限公司,282.6,2
北京创磁空间影视文化传媒有限公司,729.2,1
上海创磁文化传播有限公司,729.2,1
高全传媒文化发展（武汉）有限公司,729.2,1
梓精诚（北京）教育咨询有限公司,729.2,1
北京创磁文化传播有限公司,729.2,1
北京新锐兄弟影视文化传媒有限公司,259.3,1
索宝（北京）国际影业投资有限公司,259.3,1
北京传奇美画影视文化有限公司,525.5,1
太原明大文化传媒有限公司,525.5,1
湖北长江文化传播有限公司,286.0,1
北京游龙影视文化传媒有限责任公司,286.0,1
西安龙氏影视文化传播有限公司,340.7,1
北京红布衫文化发展有限公司,340.7,1
浙江亿和影视制作有限公司,340.7,1
北京六顺腾达文化传媒有限公司,340.7,1
北京华语大业文化传媒有限公司,2885.61,2
北京普乐泛森国际文化传媒有限公司,134.3,1
青海省电影电视家协会,134.3,1
北京润喜影视文化传播有限公司,201.4,1
北京朱雀玄武影视文化传播有限公司,201.4,1
北京光影奇迹影视文化有限公司,0.0,1
杭州中闻影视有限公司,602.5,1
四川天空之境影业有限公司,296.45,1
北京卓迈影业有限公司,296.45,1
上海鑫岳文化传播有限公司,296.45,1
成都梵天魔方文化传播有限公司,296.45,1
深圳市绿景企业管理集团有限公司,296.45,1
深圳市前海九汇互联网金融服务有限公司,296.45,1
上海鑫岳影视传播股份有限公司,296.45,1
上海鑫岳影视传播有限公司,296.45,1
北京金马车影视文化艺术有限公司,356.8,1
中视东海（北京）国际文化传媒有限公司,356.8,1
深圳前海普惠众筹交易股份有限公司,848.4,1
广东南方领航影视传播有限公司,848.4,1
杭州道玄影视科技有限公司,848.4,1
北京光成影视文化发展有限公司,0.6,1
三亚赫迪文化发展有限公司,4.7,2
阿巴嘎旗陶力嘎腾游牧文化旅游传媒有限责任公司,0.0,1
Ulysses Filmproduktion ,2466.12,2
Fabrique d'Images ,2466.12,2
Skyline Entertainment ,2466.12,2
Moetion Films ,2466.12,2
贵州西骏辉煌文化产业有限公司,0.0,1
河南影视集团,39.7,1
河南大象影视制片有限公司,39.7,1
北京国映盛世文化传媒有限公司,23.0,1
四川绵阳浩领投资有限公司,23.0,1
四川剑南春集团,23.0,1
宁波新贵影视文化有限公司,319.2,1
华翔集团股份有限公司,319.2,1
三生（中国）健康产业有限公司,319.2,1
广州市耀辰影视传媒有限公司,319.2,1
福建省皇品文化传播股份有限公司,13.22,1
领show天地文创产业园,13.22,1
福建省泉州市兴世纪旅游文化有限公司,13.22,1
北京复兴影业文化有限公司,13.22,1
深圳市世纪领军影业投资有限公司,2146.6,1
北京天际征鸿影业投资有限公司,2146.6,1
深圳泛亚中视文化传媒有限公司,2146.6,1
北京谷天传媒有限责任公司,1349.2,1
北京世纪蜘蛛文化传播有限公司,2071.1,1
DAS Films Ltd. ,2956.4,1
Relativity Media ,2956.4,1
SPD Films ,2956.4,1
Envision Entertainment ,2956.4,1
Das Films ,2956.4,1
Irish DreamTime ,2956.4,1
Knightsbridge Entertainment ,2956.4,1
Perfect World (Beijing) Pictures Co. ,44285.8,1
Sur-Film ,44285.8,1
肯尼迪/马歇尔电影制作公司,44285.8,1
Double Negative ,44285.8,1
Captivate Entertainment ,44285.8,1
Pearl Street Films ,44285.8,1
山东道可道文化发展有限公司,0.5,1
章丘城市建设开发有限公司,0.5,1
海宁东方画面影业有限公司,14972.099999999999,2
云南中泰文化发展有限公司,87.8,1
中国文联电影艺术中心,87.8,1
中国文联艺术中心,87.8,1
亿星博纳影视无锡有限公司,87.8,1
影一制作所股份有限公司,1806.4,1
上海尚孰投资有限公司,21008.9,2
捷成瑞吉祥传媒有限公司,1806.4,1
绍兴市文化产业发展投资有限公司,1806.4,1
霍尔果斯捷成瑞吉祥影视传媒有限公司,1806.4,1
东阳捷成瑞吉祥影视传媒有限公司,1806.4,1
凤凰传奇影业,1806.4,1
东方光影国际影业有限公司,14884.3,1
如鱼得水电影有限公司,27.1,1
云南电影集团有限责任公司,27.1,1
上海欣亿传媒,21343.1,1
Starhaus Entertainment ,21343.1,1
Union investment Partners ,21343.1,1
上海明器多媒体科技有限公司,3116.55,1
上海卡通派数码科技发展有限公司,4403.27,1
天津北方动漫集团股份有限公司,7644.4,1
盟大盛世文化传播（北京）有限公司,500.0,1
成都市东阳文化传播有限公司,0.0,1
北京岳松影视文化有限公司,551.0,1
深圳华谊影业有限公司等出品,551.0,1
北京先锋传奇影视文化有限公司,551.0,1
拉卡拉影业有限公司,551.0,1
深圳前海时代影业有限公司,551.0,1
北京长龙兄弟影视文化传播有限公司,551.0,1
北京海纳三川文化发展有限公司,551.0,1
北京盛品国际影视传媒有限公司,551.0,1
英皇娱乐集团有限公司,6542.0,2
广东光和传媒有限公司,158.3,1
广州演出有限公司,158.3,1
佛山市顺德区乐看动漫设计有限公司,158.3,1
洛阳世为动漫发展有限公司,158.3,1
枫海影业有限公司,1873.9,1
枫海科技,1873.9,1
果果传媒有限公司,1873.9,1
千禧年影业,10354.2,1
Campbell Grobman Films ,10354.2,1
BenderSpink ,10354.2,1
北京新华兆讯文化传媒有限公司,168.7,1
新疆生产建设兵团广播电视台,168.7,1
北京时代非鹭文化传播有限公司,168.7,1
3d中华有限公司,37.3,1
深圳市奥琪文体策划有限公司北京分公司,29.7,1
武汉大田影视文化传播有限公司,0.0,1
Heaven Pictures (Beijing) The Movies Co. ,643.5,1
北京合瑞影业文化有限公司,643.5,1
天画画天（北京）影业有限公司,643.5,1
浙江荡麦影视文化有限公司,643.5,1
海宁黑鳍文化传媒有限责任公司,643.5,1
重庆踏雪寻梅影视策划工作室,3.6,1
海南欢歌唱响文化传播有限公司,316.0,1
闻世纪影视投资控股（北京）有限责任公司,316.0,1
海口岛之国文化传媒有限公司,316.0,1
海南中润国际文化传媒产业投资有限公司,316.0,1
北京泰丰时代文化发展有限公司,362.4,2
一格畅想国际文化传媒产业投资有限公司,316.0,1
北京金色里程文化艺术有限公司,151.8,1
北京太合环球影业投资有限公司,415.5,1
北京米里米特影视文化发展有限公司,415.5,1
西藏旅游股份有限公司,415.5,1
北京天鹤信羽文化传媒有限公司,4020.72,1
上海豪嘉影业有限公司,4020.72,1
南京广播电视集团,4020.72,1
山西宇欢文化传媒有限公司,1.2,1
浙江省永康市国爱文化传媒有限公司,1.2,1
山西广电影视艺术传媒有限公司,1.2,1
山西黄河影视社,1.2,1
上海美感文化传媒有限公司,1.2,1
太原天域文化传播有限公司,1.2,1
北京合众思睿文化传媒有限公司,2920.17,1
天津滨海国际影业有限公司,2920.17,1
开封群星闪耀文化传媒有限公司,9.9,1
岩上映画文化传媒（北京）有限公司,5403.8,1
湖南源点影视文化传播有限公司,5403.8,1
风山渐文化传播有限公司,5403.8,1
北京途古文化传媒有限公司,5403.8,1
深圳孙行者文化传媒有限公司,5403.8,1
郑州报业集团,5403.8,1
墨亚（厦门）文化传媒有限公司,5403.8,1
纵横汇（北京）信息技术有限公司,5403.8,1
福建中疆投资有限公司,5403.8,1
湖南汉竹高新科技股份有限公司,5403.8,1
韵影制作有限公司,1423.8,1
泰唐健达影视制作有限公司,39.1,1
北京三农汇丰食品有限公司,39.1,1
河北鹏博传媒有限公司,39.1,1
河北波仔文化传播有限公司,6.3,1
河北顺直通文化传媒有限公司,6.3,1
东方华影（北京）文化传媒有限公司,778.0,1
北京亿旺京闽科技集团有限公司,778.0,1
柘城县富邦华景房地产开发有限公司,37.3,1
河南华韵影视传媒有限公司,37.3,1
浙江本真影视发行有限公司,125.7,1
上海盛星文化传播有限公司,345.6,1
福建红人汇文化传播有限公司,5.9,1
北京标准映像文化传播有限公司,13493.53,1
杭州晨熹多媒体科技有限公司,13908.33,2
联瑞(上海)影业有限公司,13493.53,1
微影时代无锡影业有限公司,13493.53,1
上海观象影业有限公司,13493.53,1
星光麦特传媒集团,13493.53,1
沃趣影业文化传媒（上海）有限公司,0.2,1
第九单位制作有限公司,566.3,1
交互时代国际文化传媒（北京）有限公司,2.1,1
北京电影学院动画学院,2.1,1
浩安（北京）影视文化传媒有限公司,128.76,2
明艺国际媒体股份有限公司,40.4,1
华亿传媒集团,40.4,1
Warner Bros. Animation ,4447.67,1
Warner Animation Group ,4447.67,1
Stoller Global Solutions ,4447.67,1
北京合众天地文化传媒有限公司,1653.6,1
Venture Forth ,3538.6,1
Supersensory ,3538.6,1
Eden Rock Media ,3538.6,1
Fast 7 Productions ,242654.8,1
北京二十一世纪盛凯影视文化交流有限公司,40076.5,1
北京华越世纪影视文化有限公司,508.1,2
北京东方岚乐文化发展有限公司,22.3,1
北京风山影业有限公司,22.3,1
上海牵荣文化传播有限公司,22.3,1
台湾索尼音乐娱乐股份有限公司,7633.79,1
千里同乐影视文化传媒（北京）有限公司,3658.2,1
浙江乐颂文化传媒有限公司,3658.2,1
北京翰林苑国际文化传播有限公司,0.0,1
洛阳影视传媒集团,18.94,1
河南国杰文化传播有限公司,18.94,1
南京朱雀影视动画有限公司,150.7,1
南京日报报业集团,150.7,1
南京宝船厂遗址文化管理有限公司,150.7,1
辽宁广播电视台,1871.49,2
深圳视线文化传媒有限公司,0.9,1
北京多声部影视文化有限公司,991.95,1
正在文化传媒（北京）有限公司,991.95,1
Fox Filmes do Brazil ,13981.16,1
O2 Filmes ,13981.16,1
盛世花火（北京）国际传媒有限公司,16.88,1
非凡影界（北京）影视文化传媒有限公司,1988.8,1
北京环球映画影视文化传媒有限公司,1988.8,1
西安金金影视文化传媒有限公司,1988.8,1
北京流金岁月文化传媒有限公司,1988.8,1
北京文传世纪文化传媒有限公司,36605.6,1
CJ E&M ,36605.6,1
株式会社,36605.6,1
威望国际娱乐股份有限公司,36605.6,1
天下无敌国际有限公司,36605.6,1
南京光荣梦想数码传媒有限公司,385.7,1
北京上元中太国际文化发展有限公司,25.0,1
北京龙尚国际文化传播有限公司,25.0,1
中视新影影业投资发展有限公司,1270.6,1
北京灵动力量文化传媒有限公司,1270.6,1
美迅影视传媒（北京）有限公司,560.8,1
青岛电影发行放映有限公司,105.4,1
青岛海洋传奇影视制作有限公司,105.4,1
无锡光年动漫文化有限公司,1097.4,1
江西凯天动漫有限公司,1292.9,2
北京迷影时代文化发展有限公司,5.2,1
李曼华导演工作室,5.2,1
深圳吴氏影视娱乐有限公司,40912.7,1
北京天华秀星文化传媒有限公司,40912.7,1
北京金海岸数字图像科技有限责任公司,939.1,1
西安曲江影视集团,939.1,1
金海岸影业有限公司,939.1,1
四川飞马西南影视艺术发展中心,0.5,1
优业组合影视传媒,90.7,1
厦门维信投资公司,90.7,1
上海三味火文化投资有限公司,90.7,1
汇映国际影视,90.7,1
上海斐盛耐影业有限公司,10.0,1
江苏沙钢集团有限公司,10.0,1
中国人民解放军总装备部电视艺术中心,622.13,1
Pathé Cinéma ,560.8,1
Escape Artists ,1542.66,2
Fuqua Films ,1542.66,2
辽宁省新闻出版广电局,5.4,1
中共沈阳市委宣传部,5.4,1
沈阳市文化广电新闻出版局,5.4,1
中国文学艺术基金会,5.4,1
Palomar Pictures Corporation ,3351.85,1
共和智力影业（北京）有限公司,10606.6,1
上海永旭文化传播有限公司,4441.7,1
江苏法宣影视文化有限公司,126.5,1
春秋永乐影视文化投资（北京）有限公司,832.6,1
合一影业（香港）有限公司,832.6,1
上海刚泰影视传媒有限公司,832.6,1
北京传灯文化投资有限公司,255.93,1
北京光延时代（北京）文化传媒有限公司,255.93,1
北京锦绣映画影视文化传播有限公司,255.93,1
北京新影世纪影视文化发展有限公司,255.93,1
捷成宏禧文化传播股份有限公司,255.93,1
北京世纪传灯文化投资有限公司,255.93,1
紫岚德纳影视文化传媒（北京）有限公司,37.8,1
北京多维视野文化传媒有限公司,538.5,1
北京视天嘉艺影视文化有限公司,538.5,1
北京和润德堂文化传媒股份有限公司,1003.6,1
武汉玛雅动漫有限公司,2204.12,2
时尚集团《时尚先生》杂志社,20490.7,1
北京致信惠远科技文化发展有限公司,20490.7,1
重庆巨磊影视传媒有限公司,20490.7,1
石家庄精合双成文化传播有限公司,4.5,1
瀚草影视文化事业有限公司,47.3,1
华谊兄弟太合影视投资有限公司,19202.5,1
长城影视股份有限公司,19202.5,1
宸铭影业（上海）有限公司,19202.5,1
海宁壹线影视文化有限公司,19202.5,1
君竹（上海）影视文化有限公司,19202.5,1
捷成瑞吉影视传媒有限公司,19202.5,1
深圳市东方富海投资管理有限公司,19202.5,1
旗舰影业有限公司,19202.5,1
旗舰影业,19202.5,1
上海艺乘文化传播有限公司,156.7,1
上海日月星文化传播有限公司,156.7,1
松江国际影视文化传媒有限公司,156.7,1
蓝莓影业,6264.7,1
希云森林文化（北京）有限公司,6264.7,1
北京中高精彩文化传媒有限公司,104.5,1
中金华泰投资有限公司,175.4,1
红扁担（北京）文化传播有限公司,175.4,1
奉化广播电视中心,2.7,1
奉化名扬文化传媒有限公司,2.7,1
奉化市名扬文化传媒有限公司,2.7,1
奉化市大堰镇人民政府,2.7,1
浙江星满天文化创意有限公司,2.7,1
北京来古文化有限公司,246.0,1
深圳市金蔷薇影视传媒有限公司,246.0,1
合肥云水文化传播有限公司,246.0,1
北京瑄然飞扬影视文化有限公司,246.0,1
Infinitum Nihil Production ,2009.18,1
北京华亿联盟文化传媒投资有限公司,3499.18,1
时尚传媒集团,3499.18,1
深圳市知慧文化传播有限公司,46.6,1
北京鸣昊众星文化发展有限公司,46.6,1
少一点影视文化传媒（大连）有限公司,46.6,1
北京皖泊星辰文化发展有限公司,46.6,1
北京恒丰影视文化传媒有限公司,46.6,1
长安法制电视制作中心,45.0,1
北京若水彤云影视文化传媒有限公司,6636.9,1
东阳新视觉影视文化有限公司,6636.9,1
北京希世纪影视文化发展有限公司,6636.9,1
北京华图宏阳教育文化发展股份有限公司,6636.9,1
广东浙银投资控股有限公司,6636.9,1
上海慧宇投资发展有限公司,6636.9,1
华泉中天文化发展有限公司,6636.9,1
东阳万树影视传播有限公司,6636.9,1
深圳华玺文化传媒有限公司,7.3,1
湖北远东卓越影视传媒有限公司,2813.3,1
深圳诺亚星光文化传播有限公司,0.0,1
湖南锦绣神州影视文化有限公司,99.7,1
共青团中央宣传部,99.7,1
珠海怡华通投资有限公司,99.7,1
珠海山中木文化传播有限公司,45.5,1
北京说说唱唱文化传媒有限公司,1008.6,1
万通影音科技股份有限公司,1008.6,1
吉林禹硕动漫游戏科技股份有限公司,1776.9,1
吉林禹硕影视传媒股份有限公司,2211.1,2
吉林动画学院,2211.1,2
吉林纪元时空动漫游戏科技集团股份有限公司,434.2,1
吉林天博影视制作股份有限公司,434.2,1
吉林炫通网络科技股份有限公司,434.2,1
北京电影家协会,46.4,1
山东美雪畅联文化影视传媒有限公司,46.4,1
北京一江春水影视文化传播有限公司,5.2,1
深圳银河星光国际影视文化传媒有限公司,5.2,1
重庆大地影业文化发展有限公司,13711.7,1
奥山影视文化湖北有限公司,192.5,1
浙江天翔影视文化有限公司,138.12,1
香港峻东娱乐有限公司,609.4,1
广州富瑭投资有限公司,609.4,1
广州珠影数字音画传媒有限公司,609.4,1
国瑞影都文化发展（北京）有限公司,609.4,1
四川通达艺鑫影视文化传播有限公司,33.8,1
武汉世纪恒星影视文化发展有限公司,51.1,1
北京华夏影人影视文化有限公司,51.1,1
苏州市滑稽剧团,0.0,1
中国文学艺术界联合会,0.0,1
中国戏剧家协会,0.0,1
中共湖北省委宣传部,107.6,1
武汉市汉口历史文化风貌街区经营管理有限公司,107.6,1
中共武汉市委宣传部,107.6,1
中共武汉市江岸区委员会,107.6,1
天雄圣视（北京）文化传媒有限公司,4.9,1
镇江企联文化传媒有限公司,4.9,1
华夏中影（北京）文化传媒有限公司,4.9,1
山西世纪博奥影视文化有限公司,0.6,1
苏州抹天印画文化发展有限公司,32.2,1
北京艺海星光国际文化发展有限公司,5.05,1
北京金润佳宏影视文化有限公司,5.05,1
北京时越网络科技有限公司,33.2,1
北京艺亨东方教育科技有限责任公司,33.2,1
Marv Films ,670.5,1
Seville Productions ,670.5,1
立卓兴宇影视传媒广告（北京）有限公司,239.1,1
沐泽影视传媒（上海）有限公司,239.1,1
江西凯天动漫有限公司上海,741.8,1
Mad Hatter Entertainment ,40324.2,1
星木映像股份有限公司,299.4,1
北京小马当红文化传媒有限公司,12994.5,1
常州广播电台,118.7,1
江苏卡龙动画影视传媒股份有限公司,118.7,1
北京青青树动漫科技有限公司,2930.21,2
天津市滨海新区青青树动漫科技有限公司,4960.700000000001,2
腾讯影业,147195.3,1
暴雪娱乐,147195.3,1
亚特拉斯娱乐,147195.3,1
上海影酷数字电影院线有限公司,282.7,1
东阳弘景影视,8842.1,1
东阳弘景影视文化有限公司,8842.1,1
福建时代众乐影业有限公司,8842.1,1
Bill and Ben Productions ,699.6,1
GFM films ,699.6,1
Premiere Picture ,699.6,1
英国比尔与本电影公司,699.6,1
上海基美影业有限公司,783.9,1
星光麦特国际传媒有限公司,414.8,1
深圳市文化影视有限公司,414.8,1
上海鹏华影视文化有现公司,414.8,1
东阳影响力电影发行有限公司,414.8,1
上海彭鹏华影视文化工作室,414.8,1
西安深空影视传媒有限公司,1038.9,1
北京强大伟业文化产业有限公司,1038.9,1
深圳市比达广告传媒有限公司,1038.9,1
Moneff ,1038.9,1
Weimaraner Republic Pictures ,5373.49,1
Ombra Films ,5373.49,1
美国威玛共和国影片公司,5373.49,1
美国欧姆布拉影片公司,5373.49,1
南通泰东文化传媒有限公司,7.5,1
中共深圳市委宣传部,7.5,1
深圳市文学艺术届联合会,7.5,1
深圳市对口支援新疆工作前方指挥部,7.5,1
中共塔什库尔干塔吉克自治县委员会,7.5,1
塔什库尔干塔吉克自治县人民政府区委宣传部,7.5,1
深圳前海秦东文化传媒有限公司,7.5,1
星宝环球有限公司,457.59,1
九龙品天影视文化无锡有限公司,457.59,1
阿里巴巴（娱乐宝）,457.59,1
天才香港有限公司,4693.14,1
北京繁荣顺达文化传媒有限公司,227.4,1
星际红缘国际传媒（北京）有限公司,227.4,1
浙江华乐盛视影视制作有限公司,227.4,1
北京衡源路德影视文化传媒中心,227.4,1
中国爱乐乐团,5.6,1
深圳世冠娱乐文化传播有限公司,125.4,1
升飞国际数码特效制作有限公司,18422.8,1
北京万龙飞腾影视文化传媒有限公司,29.6,1
北京火星空间文化发展有限公司,29.6,1
北京两两嘉品商贸责任有限公司,29.6,1
云南云政珠宝有限公司,29.6,1
云南金翅鸟文化传播有限公司,29.6,1
昆仑映画影视文化传媒（北京）有限公司,96.8,1
福建中金在线网络股份有限公司,96.8,1
焦点电影公司,224.87,1
Film4 ,224.87,1
Cowboy Films ,224.87,1
Etalon film ,224.87,1
英国第四影片公司,224.87,1
峰威（上海）影视投资管理有限公司,7048.1,1
广州嘉和影视制作有限公司,986.1,1
广州承兴营销管理有限公司,986.1,1
安华白云控股集团有限公司,986.1,1
闻影天下（深圳）文化传媒有限公司,81.7,1
北京中影华夏影视文化传媒有限公司,81.7,1
Fox 2000 Pictures ,6265.0,1
Regency Enterprises ,6265.0,1
Bagdasarian Productions ,6265.0,1
Sunswept Entertainment ,6265.0,1
Paragon Studios ,6265.0,1
北京德稻教育投资有限公司,2077.8,1
北京多宝树影视科技有限公司,2077.8,1
香港龙在哪里有限公司,2077.8,1
彩宏工程有限公司,2077.8,1
爱迪影业,495.4,1
盛通影业,495.4,1
掌趣影业,495.4,1
北京盛通影业有限公司,495.4,1
樱果无限（北京）文化传播有限公司,495.4,1
衡水衡旅投资管理有限公司,495.4,1
北京联盛嘉华影视文化传播有限公司,495.4,1
北京华影盛视文化传播有限公司,54000.52,1
河南山川影视文化传播有限公司,0.21,1
北京弄影堂文化传媒有限公司,0.21,1
珠海天娱影视制作有限公司,1172.6,1
