20世纪福克斯电影公司,22336.51;49864.21;69994.74;48450.97;61321.19;13922.91;18980.53,7
惊奇娱乐公司,22336.51;48579.97,2
Studio Babelsberg ,659.66;659.66,2
Marv Films ,659.66;659.66,2
Seville Productions ,659.66;659.66,2
TSG Entertainment ,69994.74;19235.33;5992.35,3
二十世纪福斯电影公司,69994.74;48450.97,2
漫威娱乐,69994.74,1
Donners' Company ,69994.74,1
Bad Hat Harry Productions ,69994.74,1
Mel's Cite du Cinema ,69994.74;10100.85;8724.18,3
Kinberg Genre ,69994.74,1
Fox 2000 Pictures ,5992.35,1
Regency Enterprises ,5992.35,1
Bagdasarian Productions ,5992.35,1
Sunswept Entertainment ,5992.35,1
Paragon Studios ,5992.35,1
美国梦工厂影片公司,76299.17;32368.23;7806.18;11528.38;35046.51;14012.03,6
上海众明优影影视文化传媒有限公司,76299.17,1
上海东方梦工厂文化传播有限公司,76299.17,1
中国电影集团公司,76299.17;138775.14;62707.87;678.38;882.15;882.15;607.6;607.6;15041.0;241.19;10266.09;926.27;25371.2;803.79;803.82;3203.86;3368.16;3733.78;7692.99;7692.99,20
安培林娱乐,31308.43;111733.85;55807.11,3
环球影业公司,31308.43;42705.19;111733.85;10566.71;138775.14;33317.13;17065.16;10150.32;195358.45;12557.92;9905.05;2732.78;25047.18,13
狮门影业公司,2255.32;15959.6;11824.55;60404.29;9054.52;3188.58;22359.05;14155.14;4637.22;15806.81,10
Riche Productions ,776.26;776.26;28532.78,3
Escape Artists ,776.26;776.26,2
Fuqua Films ,776.26;776.26,2
riche/ludwig制作公司,776.26;776.26;28532.78,3
DAS Films Ltd. ,2918.67,1
Palm-Star Entertainment ,2918.67;1982.08,2
Relativity Media ,2918.67,1
SPD Films ,2918.67,1
Envision Entertainment ,2918.67,1
PalmStar Entertainment (PalmStar Media Capital) ,2918.67;1982.08,2
Das Films ,2918.67,1
Irish DreamTime ,2918.67,1
Knightsbridge Entertainment ,2918.67,1
艾肯娱乐公司,23604.01;2315.95;12063.38,3
dmg娱乐传媒集团,23604.01;12063.38;63121.8,3
印纪影视娱乐传媒有限公司,23604.01;22740.65,2
Exclusive Media Group ,1644.58;80646.4,2
Sycamore Pictures ,1644.58,1
Bazelevs Production ,5989.2,1
Mindstream Productions ,5989.2,1
鼎立娱乐,241.69,1
Three T Productions ,3056.76,1
VGTRK ,3056.76,1
电广传媒影业(北京)有限公司,15959.6;56280.02;214.34;13334.85;4820.58;14683.67;4119.97;18627.33;45789.54;37112.32;1333.82,11
One Race Films ,15959.6;195358.45,2
Aperture Entertainment ,15959.6,1
NeoReel ,15959.6,1
顶峰娱乐公司,15959.6;22843.4;11824.55;60404.29;10616.82;5471.09;7290.97;11956.43,8
Atmosphere Entertainment MM ,15959.6,1
Thunder Road Productions ,22843.4,1
Pyramania ,22843.4,1
Thunder Road Pictures ,22843.4,1
Mystery Clock Cinema ,22843.4,1
FilmNation Entertainment ,1982.08;3499.66,2
电影国度娱乐公司,1982.08,1
Circle of Confusion ,1982.08,1
Likely Story ,1982.08,1
Merced Media Partners ,1982.08,1
Arka Mediaworks ,730.92;730.92,2
印度阿卡媒体公司,730.92;730.92,2
千年电影公司,4231.85,1
法国欧罗巴电影公司,10100.85;12603.89,2
欧罗巴电影公司,10100.85;4804.77;5487.37,3
基美影业,10100.85;779.56;780.66,3
Concept & Creation Mordicus Inc. ,10100.85,1
上海基美影业股份有限公司,10100.85;151.76;779.56;780.66;5487.37;12603.89,6
北京电影学院青年电影制片厂,80646.4;233.32;404.33;35389.03,4
国家新闻出版广电总局电影卫星频道节目制作中心,80646.4;29878.8;1493.24;95255.53;2939.64;16553.81;13334.85;1192.31;14569.56;3128.93;18.56;139.26;736.12;6162.56;388.25;270.39;13332.7;38.54;69.69;262.72;70316.87;1182.15;1256.9;179.56;404.33;4720.91;14007.37;78093.51;430.9;210.56;7.14;2247.52;742.63;45720.22;25371.2;442.05;3756.88;3203.86;3368.16;35.57;55162.31;69988.82;2736.4;188.2;3251.18,45
中国文化产业投资基金,80646.4;37651.96,2
北京唐德国际文化传媒有限公司,80646.4;95255.53;11501.93;188.2,4
上海新文化传媒集团股份有限公司,80646.4;273226.86,2
耀莱影视文化传媒有限公司,80646.4;61386.83;67775.03,3
北京微影时代科技有限公司,80646.4;1727.51;5306.06;57461.53;2081.57;325.19;103033.15;7996.43;8646.49;35145.2;5395.23;32924.21;12980.02;25136.87;5015.86;12363.62;65276.9;18349.05;18349.05;970.77;2590.46;4551.75;6085.88,23
天津联瑞影业有限公司,80646.4;12980.02;25136.87;273226.86;2590.46,5
北京唐德国际电影文化有限公司,80646.4,1
Cider Mill Pictures ,80646.4,1
Dasym Enetertainment ,80646.4,1
和和（上海）影业有限公司,80646.4;412.98;12980.02;25136.87;273226.86,5
北京耀莱影视文化传媒有限公司,80646.4,1
黑蚂蚁(上海)影业有限公司,80646.4;12980.02;273226.86,3
北京天华华文影视投资有限公司,80646.4;68422.61,2
T,80646.4,1
Half Circle ,2315.95,1
Dynamo ,2315.95,1
Phoenix Pictures ,2315.95,1
Red Wagon Productions ,11824.55,1
Soho VFX ,11824.55,1
Animal Logic ,11824.55,1
Red Wagon Entertainment ,11824.55,1
狮门影业,11824.55;60404.29;9054.52,3
顶峰娱乐,11824.55;60404.29,2
蓝天工作室,40077.74;3819.31;16923.08;3841.8;2968.24,5
20th Century Fox Animation ,40077.74;3819.31;16923.08;3841.8;2968.24,5
20世纪福斯家庭娱乐电影公司,40077.74,1
华谊兄弟传媒股份有限公司,1621.23;10093.24;138775.14;16553.81;4960.16;11042.96;751.77;51835.33;4677.14;75233.94;6731.56;24353.76;8808.96;1216.03;21408.38;61386.83;27316.9;8179.54;3917.8;166.9;5879.33;37651.96;2524.95;5015.86;136843.87;40794.54;19290.44;11408.44;949.3;4728.92;18349.05;18349.05;67775.03;4320.7,34
美国湖岸影业公司,1621.23,1
Lakeshore Entertainment ,1621.23;4637.22,2
STX Entertainment ,1621.23,1
Vertigo Entertainment ,1621.23,1
千年影业,9054.52;32091.39;2511.71;2074.18;3181.89;453.16;38446.62;125.95,8
千禧年影业,9054.52,1
Campbell Grobman Films ,9054.52,1
BenderSpink ,9054.52,1
Bill and Ben Productions ,813.98,1
GFM films ,813.98,1
Premiere Picture ,813.98,1
英国比尔与本电影公司,813.98,1
新线电影公司,3499.66;5099.26;10298.3;51427.48;26071.16;65211.68,6
Silver Reel ,3499.66;1209.88,2
Flynn Picture Company ,3499.66;51427.48,2
Venture Forth ,3499.66,1
Supersensory ,3499.66,1
Eden Rock Media ,3499.66,1
Gerard Butler Alan Siegel Entertainment ,32091.39,1
LHF Film ,32091.39,1
华特・迪斯尼影片公司,4784.07;71545.56;9380.03;20614.89;25641.3;18797.69;21792.7;37267.2;34828.33;14614.71,10
北京环球艺动影业有限公司,4784.07;65276.9,2
上海尚世影业有限公司,4784.07;5947.36;15325.51;4298.8;61386.83;3611.44;711.14;3282.89;77.75,9
Disneynature ,4784.07,1
川制作,4784.07,1
迪士尼自然,4784.07,1
哥伦比亚影片公司,10093.24;9848.75;10279.91;51927.26;32201.4;331.03;47170.25;20692.58;6731.56;39691.56;11802.6,11
索尼电影娱乐公司,10093.24;9431.34;13476.19;2786.04;8724.18,5
Big Farm ,1507.74,1
Cartoon Saloon ,1507.74,1
Digital Graphics ,1507.74,1
Irish Film Board ,1507.74,1
Mélusine Productions ,1507.74,1
Noerlum Studios ,1507.74,1
Super Productions ,1507.74,1
Magellan Films ,1507.74,1
Studio 352 ,1507.74,1
Perfect World (Beijing) Pictures Co. ,42705.19,1
Sur-Film ,42705.19,1
肯尼迪/马歇尔电影制作公司,42705.19,1
Double Negative ,42705.19,1
Captivate Entertainment ,42705.19,1
Pearl Street Films ,42705.19,1
环球影业,42705.19;10566.71;138775.14;33317.13,4
传奇影业,111733.85;138775.14;32560.88;5099.26;17065.16;47519.74;55038.02;3503.42;55807.11,9
Roth Films ,10566.71;25641.3;34828.33;14614.71,4
北京太合娱乐文化发展股份有限公司,138775.14;882.15;882.15;2273.5;607.6;607.6;27971.77;970.77,8
腾讯影业,138775.14,1
亚特拉斯娱乐公司,138775.14;1926.28;59078.07,3
暴雪娱乐,138775.14,1
亚特拉斯娱乐,138775.14,1
富士电视台,33317.13;17796.94,2
Dentsu ,33317.13;9957.45;3510.15;4741.99,4
Illumination Entertainment ,33317.13,1
照明娱乐公司,33317.13,1
哥伦比亚电影公司,9416.46;3733.78,2
哥伦比亚影业公司,9416.46;3733.78,2
Weimaraner Republic Pictures ,9416.46,1
Ombra Films ,9416.46,1
美国威玛共和国影片公司,9416.46,1
美国欧姆布拉影片公司,9416.46,1
Plus One Rentals ,9848.75,1
焦点电影公司,213.53,1
Film4 ,213.53,1
Cowboy Films ,213.53,1
Etalon film ,213.53,1
英国第四影片公司,213.53,1
Fairview Entertainment ,71545.56,1
Moving Picture Company (MPC) ,71545.56,1
华特迪士尼影片公司,71545.56;87872.52,2
Village Roadshow Pictures ,28532.78,1
威秀电影亚洲有限公司,28532.78;84.9;39074.66;2732.78;17796.94,5
美国威秀影片公司,28532.78,1
华纳兄弟公司,28532.78;59078.07,2
Jerry Weintraub Productions ,28532.78,1
Dark Horse Entertainment ,28532.78,1
杰瑞・韦恩特拉波制片公司,28532.78,1
ratpac-dune娱乐公司,28532.78,1
Beagle Pug Films ,28532.78,1
美国华纳兄弟影片公司,28532.78;59078.07,2
华纳兄弟影业公司,28532.78;59078.07,2
华夏电影发行有限责任公司,11059.01;252.59;80.48;2939.64;1192.31;3128.93;7996.43;11.54;6.94;679.72;2077.26;10266.09;113.37;8.97;1.99;139.49;5659.57;57.01;187.19;18.56;2301.32;19.13;139.26;3.48;736.12;6162.56;388.25;9.98;442.68;39.85;270.39;13332.7;32924.21;6094.4;2422.48;100234.58;959.72;18627.33;305.97;262.72;151.76;359.95;45789.54;70316.87;25870.79;37651.96;4720.91;210.56,48
阿里巴巴（杭州）文化创意有限公司,11059.01;14556.55;7771.45;1289.78;20338.58;47952.73;288.64;27971.77,8
华策影业（天津）有限公司,11059.01;2073.61;4960.16;13728.25;4119.97;19907.12;161.9;2898.67;29646.2;5973.12;6124.61;25136.87;5317.56;5317.56;3203.86,15
合肥广电投资有限责任公司,11059.01,1
星汇天姬（北京）影视传媒有限公司,11059.01,1
北青传媒股份有限公司,11059.01;14683.67,2
国盛影业（北京）有限公司,11059.01;468.54;6272.47;6272.47;14007.37,5
东莞星汇天姬影视传媒有限公司,11059.01;1217.9,2
北京宝亿嵘影视传媒有限公司,11059.01;66554.2;68051.6;40794.54,4
广东珠江电影集团有限公司,11059.01;6620.23,2
爱奇艺影业（北京）有限公司,11059.01;1164.17;180.87;3995.44;2073.61;412.98;607.6;607.6;103033.15;13728.25;4119.97;7005.19;16451.77;112.58;28295.43;4298.8;9981.35;4720.91;1333.82;14383.14,20
成都挚友文化传播有限公司,11059.01;4728.92,2
北京环球浩翔影视文化传媒有限公司,11059.01;3203.86,2
太阳娱乐文化有限公司,1164.17;3995.44;1772.6;19832.71;12205.6;100234.58;1005.95;16451.77;665.47;11408.44;20338.58;4720.91;2172.05;49942.77;2591.68;2132.88;35364.63;53.87;68.76,19
热烈工作室有限公司,1164.17;134.98,2
北京鑫宝源影视投资有限公司,12358.88;4677.14,2
北京摩天轮文化传媒有限公司,12358.88;819.63;818.74;95255.53;36260.05;5947.36;17997.27;3409.26;5356.95;5015.86;3424.78,11
南京大道行知文化传媒有限公司,12358.88;4677.14,2
上海尚视影业有限公司,12358.88,1
上海东方卫视,12358.88,1
杭州黑马影视文化有限公司,12358.88,1
中视尚影（北京）文化传媒有限公司,128.65,1
青岛飞拉利集团有限公司,128.65,1
高龙控股有限公司,128.65,1
上海飞科电器股份有限公司,128.65,1
北京昆尚文化传媒有限责任公司,128.65,1
英皇（北京）文化发展有限公司,180.87;2632.13;19773.11;3649.47;35389.03;22740.65,6
东海电影集团,180.87;959.72,2
浙江视通文化传播有限公司,180.87,1
杭州新鼎明影视投资管理有限公司,180.87,1
北京东海麒麟文化传播有限公司,180.87,1
香港银都机构有限公司,3995.44;2073.61;2898.67;27829.32;19832.71;6162.56;5973.12;25870.79;18312.01;20338.58;2373.34;5052.75;9205.38;28613.17;49942.77;4320.7;743.89;2591.68;2132.88;4473.3;6085.24;10507.53,22
广州长长影视文化有限公司,3995.44;16451.77;20338.58;2591.68,4
博智影业文化传媒（北京）有限公司,3995.44,1
太阳亚洲集团有限公司,3995.44,1
中国3d数码娱乐有限公司,3995.44,1
北京昊月星涛体育文化传播有限公司,3995.44,1
天津北方电影集团,839.0;631.55;250.46;68.85,4
北京中视美星传媒有限公司,839.0,1
北京一响天开文化传媒有限公司,413.51;75233.94;37651.96;949.3;4728.92,5
武汉星皓影视文化有限公司,413.51;4728.92,2
咪咕文化科技有限公司,413.51;707.88;615.53,3
爱迪影业,413.51,1
盛通影业,413.51,1
掌趣影业,413.51,1
北京盛通影业有限公司,413.51,1
樱果无限（北京）文化传播有限公司,413.51,1
衡水衡旅投资管理有限公司,413.51,1
北京联盛嘉华影视文化传播有限公司,413.51,1
上海亚洲电视艺术中心,341.24;5317.56;5317.56;321.61;285.09;1324.66,6
国影智翼（北京）文化传播有限公司,341.24;6272.47;6272.47,3
七星影视文化传媒（北京）有限责任公司,341.24,1
未来寰宇文化传媒（北京）有限公司,341.24,1
大地时代文化传播（北京）有限公司,341.24;273226.86;92.75;92.75,4
七星影视传媒（北京）有限公司,341.24,1
未来新影文化传媒（北京）有限公司,341.24,1
北京中拓国际拍卖有限公司,341.24,1
北京师大资产经营有限公司,341.24,1
红堂映画（北京）影视文化传媒有限公司,341.24,1
爱微笑文化传媒（北京）有限公司,8.23,1
北京和颂投资有限公司,8.23,1
北京德俊文化发展有限公司,207.01,1
东阳秋水堂影视有限公司,207.01,1
安乐影片有限公司,16959.26;10022.88;68422.61;29878.8;31777.27;156536.11;62707.87;11501.93;1216.03;8110.08;4720.91;28613.17;37271.69;4547.17;6085.24;1039.58,16
环球影片公司,16959.26;3503.42,2
北京数字印象文化传播有限公司,16959.26;29878.8;31777.27;156536.11,4
万诱引力甲有限公司,16959.26;45789.54,2
升飞国际数码特效制作有限公司,16959.26,1
安乐（北京）电影发行有限公司,10022.88;68422.61;29878.8;31777.27;156536.11;62707.87;927.23;45789.54;23711.92;7582.47;2590.46,11
万诱引力电影公司,10022.88;31777.27;62707.87,3
北京和禾和文化传媒有限责任公司,68422.61;29878.8,2
东阳盟将威影视文化有限公司,68422.61;16553.81,2
上海腾讯企鹅影业文化传播有限公司,68422.61;31777.27;62707.87;7771.45,4
北京佳文映画文化传媒有限责任公司,68422.61,1
霍尔果斯不二文化传媒有限公司,68422.61,1
蓝色星空影业有限公司,68422.61;12980.02,2
浙江影视集团有限公司,68422.61,1
北京佳文映画文化传媒有限公司,68422.61,1
映艺娱乐有限公司,31777.27;29646.2;21408.38;28613.17,4
好朋友娱乐有限公司,31777.27;21408.38;28613.17,3
合一影业有限公司,156536.11;1864.87;1864.87;17997.27;14556.55;27715.43;50078.6;1772.6;2301.32;5395.23;66554.2;68051.6;70316.87;6272.47;6272.47;4677.14;6731.56;24353.76;1216.03;37651.96;5356.95;5015.86;27971.77;970.77;3424.78;49.67;32049.61,27
深圳市腾讯视频文化传播有限公司,156536.11;103033.15;39074.66;17265.94;15768.07;21408.38;37651.96;5356.95;5015.86;22428.66;1541.2;67775.03;491.06;1333.82;98718.53,15
北京联瑞影业有限公司,156536.11;14556.55;4820.58;8110.08,4
浙江星河文化经纪有限公司,156536.11;3409.26,2
浙江三乐影业有限公司,156536.11,1
冠星娱乐有限公司,156536.11,1
万诱引力电影制作（香港）有限公司,62707.87,1
Homeland Pictures Limited ,62707.87,1
万诱引力乙有限公司,62707.87,1
中国电影股份有限公司,62707.87;678.38;103033.15;2590.46;926.27;803.79;803.82;3368.16;3733.78;7692.99;7692.99,11
奥飞影业投资（北京）有限公司,3616.4;1606.7;16451.77;37651.96;5740.55,5
北京卡酷动画卫视,3616.4;5549.85;934.14;230.0;1075.56;5901.69;4194.73;21245.1;5740.55;5675.14;175.51;6840.66;4551.75;672.71;790.94;790.94;1052.09;1052.09,18
大银幕(北京)电影发行控股有限公司,3616.4,1
奥飞影业（上海）有限公司,3616.4,1
北京剧角映画文化传媒有限公司,1606.7;5395.23;37651.96;4728.92;2591.68,5
广州英明文化传播有限公司,1606.7;1772.6;12205.6;16451.77;2172.05;2591.68;2132.88,7
北京剧魔影业投资管理有限公司,1606.7;154.49;1772.6;16451.77;5356.95;4728.92;2591.68;2132.88,8
佛山精鹰传媒股份有限公司,1606.7;2132.88,2
云南望天树文化传播有限公司,1606.7;549.04;5356.95,3
广州市品晶影视制作有限公司,1606.7;161.9,2
北京合众天地文化传媒有限公司,1606.7,1
最后阶段娱乐公司,3513.45,1
Ram Bergman Productions ,3513.45,1
美国电影国度娱乐公司,3513.45,1
Endgame Entertainment ,3513.45,1
Ulysses Filmproduktion ,1227.2;1227.2,2
Fabrique d'Images ,1227.2;1227.2,2
Skyline Entertainment ,1227.2;1227.2,2
Moetion Films ,1227.2;1227.2,2
八一电影制片厂,1471.82;39362.42;2939.64;1192.31;668.94;668.94;881.97;881.97;5.96;10266.09;64.79;7.5;4.16;55.07;1.8;388.25;39.85;263.27;8.68;70316.87;404.33;14.39;19.87,23
中共北京市委宣传部,1471.82;2562.12,2
北京市新闻出版广电局,1471.82;2562.12,2
北京南水北调办,1471.82,1
北京中联华盟文化传媒投资有限公司,39362.42;95255.53;36.32;7771.45;103033.15;12980.02;25136.87;45720.22,8
北京紫禁城影业有限责任公司,39362.42;271.8;134.98;7.07;7.5;44859.91;55162.31;69988.82,8
北京龙苑堂文化艺术有限公司,417.43;323.45,2
北京乾坤星光文化传播有限公司,417.43;13360.56,2
深圳市金海岸影业有限公司,444.29;72.01;923.65;88716.04;2193.38;926.27,6
北京综艺星皓文化传播有限公司,444.29;88716.04,2
北京文华东润投资有限公司,444.29;88716.04,2
九龙品天（北京）文化传播有限公司,444.29;1860.88;1860.88,3
渝乐（北京）文化传媒有限公司,444.29,1
河南奥斯卡院线有限责任公司,72.01,1
北京航美影视文化有限公司,154.49;352.23;1088.56;164.2;171.45;2422.48;21245.1;733.63;6840.66;470.71;4551.75;14383.14,12
北京伯爵影视文化传媒有限公司,154.49,1
北京中民卓彩文化传媒有限公司,154.49,1
浙江中南卡通股份有限公司,1923.76;79.94,2
浙江蓝巨星国际传媒有限公司,1923.76;136843.87;40794.54;35389.03,4
长影集团有限责任公司,1727.51;5659.57;2301.32;19701.61;4298.8,5
星皓娱乐集团,1727.51;923.65;88716.04,3
星皓影业有限公司,1727.51;923.65;103033.15;803.79;803.82,5
烟台文化发展投资基金有限公司,1727.51;803.79;803.82,3
北京龙世纪文化传播有限公司,1727.51,1
西部电影集团有限公司,1727.51,1
浙江东阳天娱影视文化有限公司,923.65;177.31;37651.96;49442.05;47952.73;288.64,6
西安深空影视传媒有限公司,923.65,1
北京强大伟业文化产业有限公司,923.65,1
深圳市比达广告传媒有限公司,923.65,1
Moneff ,923.65,1
东方电影制作有限公司,88716.04,1
浙江横店影视制作有限公司,88716.04;57461.53;103033.15;11109.45;5659.57;5317.56;5317.56;3047.95,8
星际影业有限公司,88716.04,1
北京百度糯米信息技术有限公司,1864.87;1864.87;17997.27;426.11;9981.35,5
永康枫海影业有限公司,1864.87;1864.87;6620.23,3
枫海影业有限公司,1864.87;1864.87,2
枫海科技,1864.87;1864.87,2
果果传媒有限公司,1864.87;1864.87,2
西安盛和星影业,252.59,1
兴河文化传媒投资有限公司,252.59,1
上海电影（集团）有限公司,48497.36;13.19;548.58;6162.56;12980.02;6124.61;5740.55;72.71;7396.18;75.38;210.56;67775.03;90045.7;3880.56;2406.3;326.31;2867.93;6085.88,18
哥伦比亚电影制作（亚洲）有限公司,48497.36;2524.95,2
英皇电影有限公司,48497.36;2073.61;1059.79;13728.25;3649.47;7090.28;11408.44;18312.01;35389.03;1333.82;1803.99;92.75;92.75;10507.53,14
北京不亦乐乎电影文化发展有限公司,48497.36,1
东阳一步到位影视有限公司,48497.36,1
无锡旗开得胜影视有限公司,48497.36,1
万达影视传媒有限公司,48497.36;19773.11;2077.26;39074.66;12980.02;18814.79;11051.44;5317.56;5317.56;37103.04;359.95;45789.54;3649.47;66554.2;68051.6;70316.87;96434.81;1221.57;136843.87;40794.54;20338.58;23711.92;21077.65;1288.2;5390.25;35389.03;45720.22;2732.78;6954.98;1333.82;98718.53,31
上海华瀚捷晟影视投资有限公司,233.32,1
迦南天成广告（北京）有限公司,233.32,1
厦门蓝火焰影视动漫有限公司,568.37,1
乐视影业（北京）有限公司,8146.24;16553.81;4960.16;5616.69;33481.78;19701.61;22169.31;5052.75;2441.83;9205.38;11180.46;1777.57;4720.91;6293.78;12363.62;2172.05;2920.82;7336.79;49442.05;47952.73;288.64;65276.9;44859.91;14007.37;21245.1;23711.92;21055.65;90045.7;4320.7;38446.62,30
乐视完美影视投资（北京）有限公司,8146.24,1
北京凯视芳华文化传播有限公司,567.94;325.19;192.88,3
北京光耀天润广告有限公司,567.94;77.68,2
天津博德世纪影视传媒有限公司,567.94,1
深圳市华影投资有限公司,567.94,1
四川峨影影视传播有限责任公司,42.98,1
成都宁歌文化传播有限公司,42.98,1
北京蓝白红文化传媒有限公司,42.98,1
北京光影部落影视文化传播有限公司,216.43;380.44,2
北京东方画面影视文化有限公司,1493.24;390.85;1624.76,3
珠江影业传媒股份有限公司,1493.24;352.23;2718.05;2193.38;7090.28;5356.95;2373.34;22428.66;24804.35;21245.1;3869.69;6840.66;4481.63;6620.23;4551.75;14383.14;6512.71,17
影市堂股份有限公司,1493.24;264.45,2
喜羊羊电影工作坊有限公司,1493.24,1
重庆千姿广告文化传媒有限公司,1.14,1
重庆百态广告文化传媒有限公司,1.14,1
北京夺目世纪文化传播有限公司,1.14,1
浙江特立宙动画影视有限公司,131.63,1
绍兴广播电视传媒集团,131.63,1
北京锋尚锐志文化传媒有限公司,610.75;506.25;1967.74;1565.74;1553.85;329.42;119.99,7
合肥泰尚文化科技有限公司,610.75;506.25;216.12;1565.74;1553.85;329.42,6
峨眉电影集团有限公司,610.75;506.25;13334.85;4820.58;237.07;164.2;686.79;776.1;574.03;511.22;1967.74;173.35;1565.74;1553.85;3282.89;119.99;803.75,17
峨眉电影集团,610.75;506.25;3282.89,3
北京光线影业有限公司,64119.72;821.49;31693.53;2478.89;3213.59;51042.92;150295.15;6610.54;15226.89;17582.25;50078.6;19261.36;39074.66;4194.73;6213.41;643.64;5874.95;43745.36;136843.87;273226.86;26436.99;22627.91;347.25;16842.27;637.8,25
天津橙子映像传媒有限公司,64119.72,1
江苏省广播电视总台优漫卡通卫视,821.49;6542.49;6610.54;5947.36;5667.68;5659.57;2301.32;5901.69;5740.55;6340.25;5675.14,11
上海格瓦商务信息咨询有限公司,821.49;14556.55;7771.45;6094.4;9981.35;273226.86;970.77,7
广州蓝弧文化传播有限公司,821.49,1
霍尔果斯彩条屋影业有限公司,821.49;2478.89;51042.92,3
北京光线传媒股份有限公司,5549.85;51042.92;6094.4,3
上海淘米动画有限公司,5549.85,1
广州奥飞文化传播有限公司,1871.65,1
上海天娱传媒有限公司,64351.73;643.64;49442.05;44859.91;5390.25,5
广东百合蓝色火焰文化传媒股份有限公司,64351.73;506.99;13360.56,3
香港影业国际有限公司,24596.81;19261.36,2
橙子映像,50053.36,1
阳光七星娱乐媒体集团,31693.53,1
上海米家文化传播有限公司,2478.89;2301.32,2
芒果tv,2478.89,1
哔哩哔哩影业（天津）有限公司,2478.89,1
58影业,2478.89,1
优漫卡通卫视,2478.89,1
北京灵动星熠文化传媒有限公司,2478.89,1
湖南快乐阳光互动娱乐传媒有限公司,2478.89,1
58同城,2478.89,1
哔哩哔哩影业,2478.89,1
横店影视制作有限公司,2478.89;103033.15;5317.56;5317.56,4
米粒影视文化传播有限公司,2478.89,1
北京麦特文化发展有限公司,177.31;56280.02;2067.78;2081.57;5616.69;14683.67;49442.05;47952.73;288.64;14007.37;3424.78,11
北京影艺通影视文化传媒有限公司,177.31,1
e美影业,177.31,1
北京传幕影视文化有限公司,177.31,1
爱时光（北京）文化传媒有限公司,177.31,1
北京亦美互动传媒广告有限公司,177.31,1
湖南金鹰卡通有限公司,6542.49;5659.57;442.68;2119.87;4551.75,5
上海炫动传播股份有限公司,6542.49;631.55;2718.05;5874.95;11051.44;8179.54;4440.69;834.53;521.19;10166.93;3869.69;2119.87;4481.63;615.53;711.14;4551.75;5619.41,17
上海淘米网络科技有限公司,6542.49;5901.69;790.94;790.94;1052.09;1052.09,6
天津北方动漫集团股份有限公司,6542.49,1
新线索（北京）影视投资有限公司,20956.9;45789.54,2
嘉行传媒,20956.9,1
韩国望月人公司,20956.9,1
华视影视投资（北京）有限公司,3213.59;56280.02;7005.19,3
广州弘光电影投资合伙企业,3213.59,1
新视界文化传媒有限公司,3213.59,1
北京宸铭影视文化传媒有限公司,1105.09;27827.61;18627.33;4298.8;1803.99;17617.84,6
扬州富海国龙影视投资中心（有限合伙）,1105.09;14383.14,2
霍尔果斯青春光线影业有限公司,1105.09;17582.25;15547.38,3
耀邦（厦门）投资有限公司,1105.09;4104.79,2
（厦门）,1105.09;4104.79,2
扬州富海国龙影视投资中心,1105.09,1
青春光线影业有限公司,1105.09;4728.92,2
北京天悦东方文化传媒有限公司,1105.09,1
北京华丽视界文化传媒有限公司,1105.09,1
竣腾影业（北京）有限公司,1105.09,1
苏州诺伊曼实业有限公司,1105.09,1
骏腾影业（北京）有限公司,1105.09,1
大猩猩电影有限公司,1105.09,1
北京普林赛斯文化传播有限责任公司,56280.02;150295.15;26436.99,3
北京儒意欣欣影业投资有限公司,56280.02;15041.0;32924.21;19701.61;49442.05;47952.73;288.64;1875.14,8
上海读客图书有限公司,56280.02;32924.21;19701.61,3
乐华娱乐,56280.02;15041.0;7996.43;35145.2;8808.96,5
浙江金球影业有限公司,291.37;19773.11,2
上海灿星文化传媒有限公司,291.37,1
浙江卫视电视台,291.37,1
上海满满额文化传播有限公司,291.37;137.78,2
彼岸天（北京）文化有限公司,51042.92,1
北京真乐道文化传播有限公司,150295.15,1
山南光线影业有限公司,150295.15;17582.25;6213.41;43745.36;273226.86,5
腾讯电影,6610.54,1
魔方工作室,6610.54,1
微票儿,6610.54,1
香港寰亚电影有限公司,15226.89;27827.61;1289.78;5973.12;51765.95;100234.58;18814.79;7090.28;8110.08;18312.01;9981.35;1256.9;16318.6;20338.58;491.91;4720.91;3611.44;6954.98;37271.69;4320.7;324.66;553.88,22
邵氏兄弟（香港）有限公司,15226.89;51765.95;100234.58;1371.43;1126.72,5
中影寰亚音像制品有限公司,15226.89;1005.95;8110.08;9981.35,4
寰亚电影发行（北京）有限公司,15226.89;6343.64;51765.95;1005.95;18814.79;18312.01;9981.35;20338.58,8
天下一电影制作有限公司,15226.89;51765.95;14383.14,3
邵氏影城香港有限公司,15226.89;2898.67,2
北京奇百奇文化传媒有限公司,3.51,1
莉凡姐妹影视文化传媒有限公司,3.51,1
河北中联影业院线有限责任公司,3.51,1
北京真心英雄国际影视文化传播有限公司,3.51,1
邯郸市峰峰矿区瑞鑫伟业物资有限责任公司,3.51,1
深圳一立动画影业有限公司,2734.61,1
深圳市马荣天使投资有限公司,2734.61,1
北京华夏兄弟国际文化传媒有限公司,54.72,1
咸宁市城市建设投资开发有限公司,54.72,1
咸宁市旅游局,54.72,1
北京国是经纬科技有限公司,69.78,1
天津滨海新区国是经纬文化传播有限公司,69.78,1
拉萨国是经纬文化传播有限公司,69.78,1
成都国是经纬文化传播有限公司,69.78,1
西藏音像出版社,69.78,1
金泉华艺（北京）影视艺术有限公司,120.32,1
苏州金泉华文化艺术传播有限公司,120.32,1
青年电影制片厂,240.28;851.0;5616.69;35.8;35.57;19.96,6
浙江天光地影影视制作有限公司,240.28,1
中共云南省委宣传部,240.28,1
中共红河州委宣传部,240.28,1
中共弥勒市委宣传部,240.28,1
北京东方画面影业有限公司,352.23;2193.38;4481.63;14383.14,4
北京影硕文化传媒有限公司,352.23,1
北京比格魔威文化传播有限公司,352.23,1
北京润喜影视文化传播有限公司,187.67,1
北京朱雀玄武影视文化传播有限公司,187.67,1
中政影业文化（北京）股份有限公司,187.67;49.26,2
北京华越世纪影视文化有限公司,1.1,1
海霖动画制作有限公司,30.1,1
东莞创意文化传播有限公司,30.1,1
东莞海霖动画制作有限公司,30.1,1
安徽金牛影视投资有限公司,752.16,1
杭州和润影视有限公司,752.16;71.75;4965.92;8646.49;700.76,5
北京时代影响力影视文化有限公司,752.16;529.28,2
峨眉电影制片厂,71.75,1
上海灵岩文化传播有限公司,1959.86;2406.3,2
非凡影界（北京）影视文化传媒有限公司,1959.86,1
北京环球映画影视文化传媒有限公司,1959.86,1
西安金金影视文化传媒有限公司,1959.86,1
北京流金岁月文化传媒有限公司,1959.86,1
福建恒业影业有限公司,386.57;13334.85;282.41;1693.35;776.1;15041.0;6343.64;4965.92;7996.43;487.29;487.29;4119.97;1289.78;2386.42;35145.2;18627.33;3622.96;3733.07;1777.57;37112.32;159.24,21
北京永旭良辰文化发展有限公司,386.57;7593.0;4820.58;45789.54;3368.16,5
北京果实创想影视文化有限公司,386.57;7593.0;4820.58;45789.54;1175.17,5
北京红色果实文化传播有限公司,386.57,1
稼轩环球影业有限公司,386.57,1
拉近影业有限公司,386.57,1
深圳前海潮润文化有限公司,386.57,1
奇想娱乐电影有限公司,386.57,1
北京拉近影业有限公司,386.57,1
北京飞天唐自头影视文化发展有限公司,9.14,1
北京华博龙韵影视文化传媒有限公司,345.97;549.04,2
美感（上海）文化传媒有限公司,345.97,1
西安幻象影视文化有限公司,345.97,1
北京龙宏源文化投资管理有限公司,345.97,1
长春电影制片厂,22.79,1
黑龙江乐彤文化传媒有限公司,22.79,1
美亚电影制作有限公司,40.87;6162.56,2
深圳同盈股权投资基金管理有限公司,40.87,1
深圳市美亚文化传播有限公司,40.87,1
深圳优美影视制作有限公司,40.87,1
恒大影视文化有限公司,934.14;11501.93;7996.43;13728.25;388.25;404.33,6
北京华映星球国际文化发展有限公司,934.14,1
广东电视台卫视嘉佳卡通卫视,934.14;4194.73;4440.69;5740.55;4481.63,5
北京五紫龙影视传媒有限公司,425.8,1
北京环影华艺文化传媒有限公司,425.8,1
北京小猪哼哼文化传媒有限公司,425.8,1
北京银海龙舟国际影视文化发展有限公司,425.8,1
中瀚大地影业文化传媒（北京）有限公司,425.8,1
乐田娱乐（湖南）有限公司,425.8,1
河南电影电视制作集团有限公司,425.8;77168.36,2
北京华语大业文化传媒有限公司,109.91,1
北京普乐泛森国际文化传媒有限公司,109.91,1
青海省电影电视家协会,109.91,1
中视合利(北京)文化投资有限公司,18.18;525.9,2
中影动画产业有限公司,678.38;156.36;297.04,3
江西凯天动漫有限公司,678.38;521.19,2
江西凯天动漫有限公司上海,678.38,1
鼎龙达（北京）国际文化传媒有限公司,383.38,1
广州爱动影视科技有限公司,383.38,1
广东中冠贸易有限公司,383.38,1
广东粤动传媒有限公司,383.38,1
爱动漫工作室,383.38,1
飞啦影视文化（上海）有限公司,509.14,1
上海华娱星库文化传播有限公司,509.14;355.87,2
上海骑兵文化传播有限公司,509.14,1
上海他石投资管理中心（有限合伙）,509.14,1
上海宇昌烽影视投资管理有限公司,509.14,1
上海他石投资管理中心,509.14,1
上海广频文化传播有限公司,509.14,1
北京天星兄弟影视文化有限公司,468.44;467.83;79.38,3
四川泸州天星影视艺术专修学院,468.44;467.83;79.38,3
山西影视（集团）有限责任公司,468.44;467.83;79.38,3
北京大爱者联盟影视传媒有限公司,468.44;467.83,2
山西电影集团,468.44;467.83,2
北京星辰合力影视文化传媒有限公司,7.54,1
中国人口宣教中心,7.54,1
希版图（北京）文化传媒有限公司,7.54;310.61;41.94,3
北京星辰合力影业有限公司,7.54,1
北京云之国传媒有限公司,7.54,1
上海兆D影视传媒有限公司,355.87,1
北京华升顶峰影视传媒有限公司,355.87,1
北京华升顶峰影视文化传媒有限公司,355.87,1
珠海市星座文化传播有限公司,21.51,1
东莞多影多视文化传播有限公司,21.51,1
友邦兄弟（北京）影视文化传播有限公司,21.51,1
俞才斌影视工作室,21.51,1
天津滨海新区环宇影视传媒有限公司,55.37,1
北京泽西年代影业有限公司,1007.32;203.98;769.4;3188.19,4
北京中影传奇影视文化传媒有限公司,1007.32;700.85;1129.37,3
浙江永康冬青影业有限公司,1007.32;1129.37,2
浙江麦浪影业有限公司,1007.32,1
北京嘉艺华创影视制作有限公司,1007.32,1
洁妮（北京）国际文化传媒有限公司,1007.32,1
阿虎（北京）国际影视传媒文化发展有限公司,1007.32,1
广州塔秀动漫科技有限公司,423.34,1
广州金域投资有限公司,423.34,1
西安龙氏影视文化传播有限公司,308.08,1
北京红布衫文化发展有限公司,308.08,1
浙江亿和影视制作有限公司,308.08,1
北京六顺腾达文化传媒有限公司,308.08,1
南京青卓影视文化传播有限公司,810.92,1
北京执行力国际影视文化传播有限公司,810.92,1
西藏影视发展有限公司,810.92,1
北京欢乐无限文化传播有限公司,810.92,1
北京环球嘉艺文化传媒有限公司,810.92,1
北京鸟人艺术推广有限责任公司,583.32,1
信汇融通文化传媒有限公司,583.32,1
北京古舍国际文化有限公司,700.85;1129.37,2
北京中影传奇影业,700.85,1
上海君画文化传播有限公司,700.85,1
宁夏金拓路文化传媒有限公司,700.85,1
北京中驰映象投资基金管理有限公司,700.85,1
北京翰林华哲文化传媒有限公司,700.85,1
云海济（北京）文化传播有限公司,700.85,1
北京天泽映画影视文化有限公司,1129.37,1
北京中亿影像国际文化传媒有限公司,41.46,1
世纪百年影业（天津）有限公司,223.8;24353.76;37651.96,3
湖南广播电视台经视频道,223.8,1
北京万象传媒广告有限公司,223.8;5306.06,2
果实戏剧工作室,223.8,1
芭乐互动（北京）文化传媒有限公司,1649.07,1
浙江和文影视有限公司,1649.07,1
东阳福添影视,1649.07,1
北京家乐创新影视文化传媒有限公司,1649.07;242.58,2
北京海晏和清影视文化有限公司,846.21,1
北京说说唱唱文化传媒有限公司,846.21,1
万通影音科技股份有限公司,846.21,1
湖南文远国际文化传播有限公司,62.55,1
湖南辉宏置业有限公司,62.55,1
求是影视中心,62.55,1
湖南华人时代文化传播有限公司,62.55,1
湖南大众传媒职业技术学院,62.55,1
B影映画工作室,62.55,1
北京锦心鼎力文化传媒有限公司,231.91;71.59,2
北京嘉合映画影视文化传媒有限公司,231.91,1
贵州铜仁市文体广电新闻出版局,231.91,1
贵州铜仁市万山区人民政府,231.91,1
松桃九龙民族文化旅游开发有限公司,231.91,1
叮咚长响（北京）文化传媒有限公司,1.58,1
北京华影金孔雀文化传媒有限公司,1.58,1
中视奥美（北京）文化传媒有限公司,1.58,1
北京中视汇影文化投资有限公司,47.86,1
北京金强盛世文化传播有限公司,216.12,1
中国人民解放军总后勤部政治部,17.1;1.8,2
天盛润铎影视制作（北京）有限公司,17.1,1
辽宁天悦影视传媒有限公司,17.1,1
中航工业集团公司,17.1,1
中共威海市宣传部,17.1,1
北京金亿乾坤影视文化传媒有限公司,39.25,1
君艺尚（北京）文化传媒有限公司,39.25,1
恒嘉天晟（北京）影业,39.25,1
上海锐色文化传播有限公司,39.25,1
北京东方每日文化传媒有限公司,39.25,1
北京星耀龙福（国际）文化传播有限公司,39.25,1
北京青山不老文化发展有限公司,39.25,1
出品公司有恒嘉天晟（北京）影业,39.25,1
北京大华影语文化传播有限公司,11.19;41.94,2
深圳华玺文化传媒有限公司,6.33,1
北京九州同映数字电影院线有限公司,63.99,1
闻影天下（深圳）文化传媒有限公司,63.99,1
北京中影华夏影视文化传媒有限公司,63.99,1
西安索宝影视文化传媒有限公司,128.24;14569.56,2
陕西中博投资集团,128.24,1
陕西大中博文化传媒有限公司,128.24,1
荷亭听雨（北京）文化发展有限公司,128.24,1
北京华映世纪民族电影电视剧制作中心,128.24;187.19,2
三亚嘉溢影视传媒有限公司,128.24,1
北京国映盛世文化传媒有限公司,22.32,1
北京传家宝影视传媒有限公司,22.32,1
四川绵阳浩领投资有限公司,22.32,1
四川剑南春集团,22.32,1
北京泰丰懿影视文化有限公司,681.38;24.93,2
北京惠景文化发展有限公司,681.38,1
北京中视广电经信影视文化中心,681.38,1
苏州影像巨魔影视投资管理有限公司,681.38;403.39,2
北京星光大道影视制作有限公司,734.77,1
云文（北京）影业投资有限责任公司,851.0;403.39;5356.95,3
河北电影电视剧制作中心,851.0,1
承德非凡影视文化传媒有限责任公司,851.0,1
北京数字后影视文化有限公司,851.0,1
北京胜利传奇影视文化有限公司,851.0,1
公安部金盾影视文化中心,851.0;136.2,2
北京银梦影视艺术有限公司,214.34;11408.44,2
台湾文创一号股份有限公司,214.34,1
北京百世嘉文化有限公司,214.34,1
三映电影文化有限公司,214.34,1
北京乐韬世纪文化传媒有限公司,403.39;3251.18,2
华数传媒网络有限公司,403.39,1
北京梦禹山川影视文化传媒有限公司,403.39;903.78,2
茅迪影视文化有限公司,403.39,1
上海米子影视制作有限公司,403.39,1
杭州南广影视制作有限公司,403.39,1
k&q株式会社,403.39,1
北京聚合影联文化传媒有限公司,4810.52;1088.56;469.86,3
北京劳雷影业有限公司,4810.52;14556.55;54501.84,3
西安曲江梦园影视有限公司,4810.52,1
陕西景浩泽影视文化有限责任公司,4810.52,1
北京东方天明文化传播有限责任公司,4810.52,1
北京启泰远洋文化传媒有限公司,4810.52,1
西安曲江影视投资集团有限公司,4810.52;8393.75;926.27,3
北京每日视界先锋数码图像制作有限公司,819.63;818.74,2
北京每日视界影视动画股份有限公司,819.63;818.74,2
北京文化―摩天轮文化传媒,819.63;818.74,2
北京央华影视文化有限公司,80.48,1
表演工作坊电影有限公司,80.48,1
北京银河星光文化传播有限公司,80.48,1
北京龙世文化集团有限公司,80.48,1
表演工作坊,80.48,1
北京小马奔腾文化传媒股份有限公司,95255.53;50078.6;16553.81;4960.16;2562.12;55.07;321.61;22740.65,8
北京仕林院文化传播有限公司,95255.53,1
东阳映月影视文化传媒有限公司,95255.53,1
黄渤工作室,95255.53;26436.99;22627.91,3
北京映月东方文化传播有限公司,95255.53,1
北京华盖映月影视文化投资管理有限公司,95255.53;3424.78;6954.98,3
东阳坏猴子影视文化传播有限公司,95255.53;3424.78,2
北京三快在线科技有限公司,95255.53;15768.07,2
星美(北京)影业有限公司,735.34;667.93;37271.69;4547.17;1097.03;113.22;26436.99;1652.68,8
广西电影集团有限公司,735.34;1134.38;24.54;47.38,4
宁静致远国际传媒广告（北京）有限公司,735.34,1
泛欧亚电影公司,735.34,1
天昌投资集团,1134.38,1
新影响文化投资集团,1134.38,1
广西天昌投资有限公司,1134.38,1
长景路电影工作室,1134.38,1
Giraffe Pictures ,1134.38,1
湖南楚人传媒有限公司,1088.56,1
上海华大影业有限公司,1088.56;49.67,2
深圳金蔷薇影视传媒有限公司,1088.56,1
北京厚德雍和新媒体版权投资有限公司,1088.56,1
北京圣基影业有限公司,1088.56,1
湖南发条城市文化传媒有限公司,1088.56,1
北京尚丰影视传媒有限公司,1088.56,1
北京启泰文化发展集团,1088.56,1
天津兰德天元股权投资合伙企业（有限合伙）,36260.05,1
天津斯凯股权投资合伙企业（有限合伙）,36260.05,1
北京其卡通动画公司,5947.36;6340.25;5675.14,3
福斯国际制作公司,5947.36;17265.94;4903.27,3
北京其欣然影视文化传播有限公司,5947.36;6340.25;5675.14;4547.17,4
其石电影基金,5947.36;6340.25;5675.14,3
北京嘉映影业有限公司,5947.36;51765.95;15325.51;26436.99,4
辽宁亨通传媒股份有限公司,5947.36,1
天津磨铁娱乐有限公司,5947.36,1
百视通网络电视技术发展有限责任公司,5947.36,1
上海游族文化传媒有限公司,5306.06;16553.81,2
海宁文玖影视传媒有限公司,5306.06;75233.94,2
岩上映画文化传媒（北京）有限公司,5306.06,1
湖南源点影视文化传播有限公司,5306.06,1
风山渐文化传播有限公司,5306.06,1
北京途古文化传媒有限公司,5306.06,1
深圳孙行者文化传媒有限公司,5306.06,1
郑州报业集团,5306.06,1
传递光年（北京）影视传媒有限公司,5306.06;4728.92,2
墨亚（厦门）文化传媒有限公司,5306.06,1
纵横汇（北京）信息技术有限公司,5306.06,1
福建中疆投资有限公司,5306.06,1
湖南汉竹高新科技股份有限公司,5306.06,1
福建朱子影视文化发展有限公司,798.21;614.4,2
中共南平市委宣传部,798.21,1
福建省仙游美景影视文化传媒有限公司,798.21,1
四川挚友文化传播有限公司,798.21,1
上海河马动画设计股份有限公司,469.86;812.88;1798.54;290.28;2119.87,5
炫彩互动网络科技有限公司,469.86,1
北京功做事影视文化有限公司,17997.27,1
上海新文化传媒集团股份有限公司北京分公司,17997.27,1
北京市公安局,17997.27,1
天空之城文化创意有限公司,57461.53;650.53,2
北京燕城十月文化传播有限公司,57461.53,1
山东高路动画制作有限公司,57461.53,1
恭梓兄弟,57461.53,1
龙行盛世影视文化工作室,57461.53,1
淮安西游产业集团有限公司,57461.53,1
浙江永康壹禾,57461.53,1
山东影视传媒集团,57461.53,1
北京海润影业有限公司,84.9;487.29;487.29;2077.26;270.39;13332.7;18814.79;9981.35;4720.91;66.86;159.24;7692.99;7692.99,13
威秀电影亚洲公司,84.9,1
宋胤熹导演工作室,549.04,1
北京光影魔方文化传媒中心,490.05,1
广东易美家园文化传媒有限公司,490.05;2526.58,2
上海天誉文化传媒有限公司,490.05,1
河北电影制片厂,43.64;3128.93;388.25;9.98;39.85;5879.33,6
北京天成翔业广告有限公司,43.64;3128.93,2
熙正照明有限公司,43.64,1
北京科影国际影视策划有限公司,230.0,1
北京卡酷传媒有限公司,230.0,1
上海全土豆网络科技有限公司,230.0;4194.73;1967.74;1798.54,4
中国数字文化集团有限公司,230.0,1
北京中教鸿兴文化传媒有限公司,230.0,1
上海轩煌影视文化传媒有限公司,13.19;329.28,2
上海煊祖文化传播有限公司,13.19,1
羽高（上海）投资管理中心,13.19,1
深圳市海元梦想文化传媒有限公司,214.57,1
黄太吉,72.36,1
春光映画（北京）文化传播有限公司,72.36,1
杭州果麦文化传媒有限公司,14556.55;54501.84;32049.61,3
北京新京报传媒有限责任公司,14556.55;103033.15;1333.82,3
杭州传文化投资管理有限公司,14556.55,1
北电五度（北京）影视投资管理有限公司,14556.55,1
网易电影,14556.55,1
北京文传世纪文化传媒有限公司,27827.61,1
北京世纪乐成文化传媒有限公司,27827.61;17617.84,2
CJ E&M ,27827.61,1
株式会社,27827.61,1
威望国际娱乐股份有限公司,27827.61,1
天下无敌国际有限公司,27827.61,1
东阳派格华创影视传媒有限公司,27827.61;25371.2,2
天津世纪乐成文化传播有限公司,27827.61;241.19,2
上海复逸文化传播有限公司,882.15;882.15;3472.2,3
华影亿时代国际影业（北京）有限公司,882.15;882.15,2
北京盛世天禧国际文化艺术有限公司,882.15;882.15,2
临颍喜盈盈影视传媒有限公司,882.15;882.15,2
鲁商传媒集团（山东）文化产业有限公司,2273.5,1
中央新闻纪录电影制片厂,2273.5;24.54;305.97;944.12;442.05;8185.89,6
创映电影制作股份有限公司,11501.93,1
深圳创天影视文化投资有限公司,192.93;735.83;6765.48;4104.79,4
北京盛世德合国际文化传播有限公司,192.93,1
北京合拍欣喜影视文化传媒有限公司,192.93,1
北京汇丰源影视文化传媒有限公司,47.24,1
北京蒙太奇环球影业有限公司,47.24,1
国家海洋局宣教中心,47.24,1
中国电视艺术家协会,47.24,1
广东惠东海龟国家级自然保护区管理局,47.24,1
北京华瑞鑫艺国际文化传媒有限公司,735.83,1
北京嘉娱帝华文化传媒有限责任公司,735.83,1
东阳瞻龙瞩凤影视文化传播有限公司,735.83,1
北京中鼎华娱影视文化有限公司,735.83,1
巨力影视传媒有限公司,2067.78,1
太拉制片公司,2067.78,1
麦特影视文化传媒（天津）有限公司,2526.58;412.98;12980.02;19701.61;1541.2,5
上海东方娱乐传媒集团有限公司,412.98;49442.05;47952.73;288.64,4
星光麦特国际传媒有限公司,412.98,1
深圳市文化影视有限公司,412.98,1
上海鹏华影视文化有现公司,412.98,1
杭州晨熹多媒体科技有限公司,412.98;12980.02,2
东阳影响力电影发行有限公司,412.98,1
上海彭鹏华影视文化工作室,412.98,1
北京亚细亚影视制作发行有限公司,24.93;39.85;8393.75,3
欧盟中国经济文化委员会,24.93,1
中共临汾市委,24.93,1
中共临汾市政府,24.93,1
临汾市委宣传部,24.93,1
中共洪洞县委,24.93,1
江苏省华侨工艺基金会,24.93,1
深圳润鑫资产管理有限责任公司,24.93,1
北京名雅飞天影视文化传播有限公司,38.52,1
文山百灵鸟影视摄制有限公司,38.52,1
浙江恒扬文化传媒有限公司,3409.26,1
韩国shincine,3409.26,1
浙江星河恒扬文化传媒有限公司,3409.26,1
韩国希杰娱乐株式会社,2588.89;241.19;17617.84;6849.35,4
北京七宏佳艺文化发展有限公司,49.26,1
海南七宏佳艺文化传媒有限公司,49.26,1
北京梦想时刻影视文化传媒有限公司,49.26,1
海南鹏达文化传播有限公司,49.26,1
江苏大禾文化发展有限公司,49.26,1
海南中视文化传播股份有限公司,49.26,1
北京展翅上腾文化交流有限公司,49.26,1
北京灏鑫上元影视文化传媒有限公司,83.86,1
上海竺灿文化投资有限公司,83.86,1
北京龙韵时空文化传播有限公司,525.9;26.94,2
龙隆昌（北京）影视文化有限公司,629.77,1
北京锐奇伟业国际文化传媒有限公司,251.86;10.65,2
武汉华宇丰文化发展有限公司,251.86,1
北京利久德长投资管理有限公司,251.86,1
北京光合作物文化传媒有限公司,10.65,1
由甘肃大河传媒有限公司,3.56,1
苏州广播电视总台,3.56,1
苏州秀麦文化传播有限公司,3.56,1
甘肃大河传媒有限公司,3.56,1
鑫岳影业,233.05;377.02,2
北京英立成文化传播有限公司,233.05,1
北京銮腾星光文化传媒有限公司,233.05,1
中申联合有限公司,233.05,1
深圳市聚丰环保科技有限公司,233.05,1
北京盛世华锐电影投资管理有限公司,202.99;171.45;50.1,3
杨议影视文化传播有限公司,202.99,1
宇际星海传媒,202.99;14569.56;426.11;14007.37,4
广州盛世华映文化传播有限公司,18.64;22.62,2
贵州盛世华映传媒有限公司,18.64;22.62,2
贵州省春晖行动发展中心,18.64,1
广州秀天下文化传播有限公司,18.64,1
南宁暄宜广告文化传播有限公司,18.64,1
北京中博巨石文化传媒有限公司,18.64,1
共青团贵州省委,18.64,1
共青团黔东南州委,18.64,1
中共锦屏县委,18.64,1
贵州银幕文化传媒,18.64,1
贵州三影多彩文化传媒有限公司,18.64,1
北京盛世翔和国际影视文化传播有限公司,136.2,1
海南欢歌唱响文化传播有限公司,310.61,1
闻世纪影视投资控股（北京）有限责任公司,310.61,1
海口岛之国文化传媒有限公司,310.61,1
海南中润国际文化传媒产业投资有限公司,310.61,1
北京泰丰时代文化发展有限公司,310.61;41.94,2
一格畅想国际文化传媒产业投资有限公司,310.61,1
深圳市唐嘉淇文化传播有限公司,2.65;1289.24,2
北京华百灵国际传媒有限公司,2.65;1289.24,2
北京中高精彩文化传媒有限公司,103.39,1
北京世纪喜讯文化发展有限公司,36.32,1
上海佳泰文化有限公司,55.34,1
北京二十一世纪威克影业投资有限公司,271.8;14683.67,2
兴扬电影有限公司,271.8,1
盛唐时代文化传播有限公司,271.8;25870.79;3880.56,3
北京中金源影视文化传播有限公司,271.8,1
天画画天（北京）文化传媒有限公司,607.6;607.6;58.43,3
中影（上海）国际文化传媒有限公司,607.6;607.6,2
Heaven Pictures (Beijing) The Movies Co. ,607.6;607.6,2
北京合瑞影业文化有限公司,607.6;607.6,2
天画画天（北京）影业有限公司,607.6;607.6,2
浙江荡麦影视文化有限公司,607.6;607.6,2
海宁黑鳍文化传媒有限责任公司,607.6;607.6,2
恒娱星空（北京）文化传播有限公司,308.47,1
北京泰阁映画影视发行有限公司,308.47,1
上海鹏锦影视文化有限公司,108.1;1310.03,2
北京半人马影视文化有限公司,23.49;23.29,2
北京芒格投资管理有限公司,23.49;23.29,2
北京天子安投资管理有限公司,23.49;23.29,2
北京万龙飞腾影视文化传媒有限公司,24.54,1
北京火星空间文化发展有限公司,24.54,1
北京两两嘉品商贸责任有限公司,24.54,1
云南云政珠宝有限公司,24.54,1
云南金翅鸟文化传播有限公司,24.54,1
北京世纪彩蝶动画制作有限公司,631.55,1
北京电视台,631.55;3171.2;4440.69;6340.25,4
天津广播电视台,631.55;6094.4,2
北京陆谊久影影视文化传媒有限公司,631.55,1
黑龙江电影制片厂有限公司,274.65,1
浙江东阳中广影视文化股份有限公司,274.65;305.97,2
浙江东阳中广影视文化有限公司,274.65;305.97,2
李冰冰工作室,2081.57,1
任泉工作室,2081.57,1
院线通,2081.57,1
深圳市百慧影业传媒股份有限公司,2081.57;305.62,2
武汉世纪恒星影视文化发展有限公司,48.15,1
北京华夏影人影视文化有限公司,48.15,1
北京鲜花盛开影业有限公司,27715.43,1
北京新浪互联信息服务有限公司,27715.43,1
引力影视投资有限公司,27715.43;50078.6;927.23;19078.61;4298.8;27971.77;14383.14,7
浙江淘宝网络有限公司,27715.43;11109.45;6094.4;3459.47,4
上海创展文化传媒有限公司,27715.43,1
北京云图影视文化传媒有限公司,27715.43,1
深圳市百誉影业投资有限公司,27715.43,1
广东明星创意动画有限公司,3171.2;2718.05,2
上海青童文化传播有限公司,1133.6,1
北京果然影视文化有限公司,50078.6;562.66,2
北京凤凰联动影视文化传播有限公司,50078.6;19701.61;992.41;49.67,4
上海汉涛信息咨询有限公司,50078.6,1
北京市文化创意产业投资基金管理有限公司,16553.81,1
北京天工异彩影视科技有限公司,16553.81;4960.16;4965.92,3
北京盟将威影视文化有限公司,4960.16,1
游族影业,4960.16,1
文创基金,4960.16,1
北京金尊天悦文化传播有限公司,8.05;8.05,2
青岛金亿丰投资集团有限公司,8.05;8.05,2
北京中广蚨岛文化传媒有限公司,8.05;8.05,2
北京文交联合投资有限公司,8.05;8.05,2
北京富宇世纪文化传媒有限公司,47.38;1310.03,2
广西新农合投资发展有限公司,47.38,1
北京百思必达营销策划机构,47.38,1
北京新影联影业有限责任公司,13334.85;1192.31;14683.67;776.1;2077.26,5
北京东方光魔影视文化有限责任公司,13334.85;6765.48;776.1;3128.93,4
四川诚城影视文化传播有限责任公司,13334.85;776.1,2
中共黑龙江省委宣传部,1192.31,1
黑龙江广播电视台,1192.31,1
黑龙江龙视文化传媒集团,1192.31,1
深圳腾讯计算机系统有限公司,5667.68;4551.75,2
优扬（天津）动漫文化传媒有限公司,5667.68;22428.66;24804.35,3
重庆电影集团有限公司,668.94;668.94;881.97;881.97;5.96;4119.97;20.91;927.23;18627.33;21408.38;61386.83;3917.8;37112.32,13
中共重庆市委宣传部,668.94;668.94;881.97;881.97,4
北京东方一处国际文化传媒有限公司,668.94;668.94;881.97;881.97,4
北京天一璇烨文化传媒公司,668.94;668.94;881.97;881.97,4
上海爱坚文化传媒有限公司,668.94;668.94;881.97;881.97,4
杭州嘉艺影视传媒有限公司,668.94;668.94;881.97;881.97,4
北京星邦文化传媒有限公司,17.29;614.4,2
北京汇铭鸿嘉影视文化发展有限公司,17.29,1
北京星光灿烂影视文化有限公司,14569.56;5616.69;6094.4,3
西安龙年影视文化传播有限公司,14569.56;45720.22,2
北京天环国际文化传媒有限公司,14569.56,1
北京追踪者文化传媒有限公司,5616.69,1
吉林禹硕影视传媒股份有限公司,422.75;1688.95,2
吉林动画学院,422.75;1688.95,2
吉林纪元时空动漫游戏科技集团股份有限公司,422.75,1
吉林天博影视制作股份有限公司,422.75,1
吉林炫通网络科技股份有限公司,422.75,1
上海艺乘文化传播有限公司,137.78,1
上海日月星文化传播有限公司,137.78,1
松江国际影视文化传媒有限公司,137.78,1
上海星泓文化传播有限公司,118.89,1
励骏会（北京）文化传媒有限公司,118.89,1
北京星泓世纪文化发展有限公司,118.89,1
太平洋岛国贸易与投资专员署,118.89,1
苏州光华集团有限公司,118.89,1
前涌金融信息服务,118.89,1
山东省五莲县人民政府,118.89,1
山东省五莲山旅游风景区管理委员会,118.89,1
斐济大使馆,118.89,1
北京百瑞传奇影业有限公司,4820.58,1
优酷土豆,4820.58;27829.32;959.72;37103.04;28613.17;7582.47,6
中影星美电影院线有限公司,2878.33;1097.03,2
北京云影博纳影视发行有限公司,2878.33,1
深圳市珑艺影视有限公司,2878.33,1
大连龙海科技服务有限公司,2878.33,1
深圳市电影发行放映公司,2878.33,1
北京十月天文化传媒股份有限公司,515.81;38.54,2
北京美特美文化传媒有限公司,325.19,1
北京缘起文化发展有限公司,58.43,1
陕西龙品文化传媒有限公司,192.88,1
河北志宝文化传媒有限公司,53.92,1
北京上视之光影视科技有限公司,53.92,1
北京嘉傲泰合影视文化传媒有限公司,1966.32,1
北京百度网讯科技有限公司,7771.45;103033.15;9981.35,3
追光人动画设计（北京）有限公司,7771.45,1
百度在线网络技术（北京）有限公司,7771.45;103033.15,2
江苏文华东润影视文化有限公司,103033.15;37651.96;803.79;803.82,4
指点影业（北京）有限公司,103033.15,1
保利影业投资有限公司,103033.15;1772.6,2
无锡奇幻世界文化有限公司,103033.15;3622.96,2
山东鲁信文化传媒投资有限公司,103033.15,1
六合华纳（北京）文化传媒有限公司,30.2,1
江西尚世星河影视传媒有限公司,30.2,1
鑫奕祥龙国际文化传媒（北京）有限公司,30.2,1
宁波市暴风动漫有限公司,30.2,1
三亚赫迪文化发展有限公司,4.51,1
北京多维视野文化传媒有限公司,512.08,1
北京视天嘉艺影视文化有限公司,512.08,1
北安市盛达文化传媒有限公司,71.59,1
北京橙润影视文化有限公司,71.59,1
北京中外世纪影视文化传播有限公司,275.55,1
海宁火星人文化传播有限公司,275.55,1
亚德文化创意股份有限公司,275.55,1
香港星汇影视有限公司,275.55,1
北京蓝海龙文化传播有限公司,275.55,1
浙江泰皇影视文化有限公司,275.55;52.58,2
北京仁和博纳文化传媒有限公司,17.56,1
北京湍泷天吼文化传媒有限公司,17.56,1
湖南乐田电影媒体有限公司,237.07;57.01,2
天籁锐联（北京）文化传媒有限公司,237.07,1
北京世纪美名广告有限公司,237.07,1
北京中博世纪影视传媒有限公司,45.5,1
北京新华兆讯文化传媒有限公司,45.5,1
新疆生产建设兵团广播电视台,45.5,1
北京时代非鹭文化传播有限公司,45.5,1
北京金马车影视文化艺术有限公司,350.79,1
中视东海（北京）国际文化传媒有限公司,350.79,1
北京紫禁城三联影视发行有限公司,164.2,1
一九零五（北京）网络科技有限公司,164.2;156849.32;459.87,3
北京尚心印象文化发展有限公司,164.2,1
成都星娱影视文化发展有限公司,164.2,1
北京奇天大地影视文化传播有限公司,164.2,1
深圳平凡文化传播有限公司,164.2,1
四川太平洋文化传播有限公司,164.2,1
亚文邦（北京）文化传播有限公司,65.51,1
河南省亚邦文化传播有限公司,65.51,1
北京欢乐影业有限公司,8050.53,1
北京捷成时代文化传媒有限公司,8050.53,1
喜剧者联盟影业,8050.53,1
博纳影业集团,8050.53;8646.49;100234.58;16451.77;28295.43,5
大地时代电影文化传播(北京)有限公司,2632.13;6765.48;1059.79;19773.11;242.58,5
英皇电影发行（北京）有限公司,2632.13;11408.44;92.75;92.75,4
英皇娱乐集团有限公司,2632.13;3649.47,2
珠江电影集团有限公司,6765.48;587.22;390.85;1624.76;834.53;35.57;672.71,7
大地时代电影发行（北京）有限公司,6765.48;2077.26;24804.35;1288.2;4551.75,5
广东珠影影视制作有限公司,6765.48;587.22;105.08,3
东阳映亚影视制作有限公司,6765.48,1
香港国艺影视制作有限公司,1059.79;1324.66,2
欢瑞世纪影视传媒股份有限公司,19773.11;15547.38;44859.91,3
浙江蓝天下影视传媒有限公司,19773.11;40794.54;35389.03,3
北京大千润彩文化发展有限公司,19773.11,1
昆仑映画影视文化传媒（北京）有限公司,94.27,1
福建中金在线网络股份有限公司,94.27,1
香港电影发展基金,183.66;12.07;1391.42,3
香港电影发展基金会,183.66;53.87,2
金港国际电影制作公司,183.66,1
天极数码制作有限公司,183.66,1
金向有限公司,183.66,1
北京百衲龙图文化有限公司,183.66,1
华纳世纪文化产业,183.66,1
内蒙古电影集团有限责任公司,183.66;139.49;38.54,3
香港天马电影出品有限公司,77168.36;19907.12;3733.07;92.35;5879.33;5052.75;9205.38;6293.78;21055.65;12.07;53.14;53.14,12
天马影联影视文化（北京）有限公司,77168.36;3733.07;92.35;5879.33;21055.65;12.07,6
上海合禾影视投资有限公司,77168.36;19907.12;92.35;5052.75;1777.57,5
梦想沙龙娱乐文化有限公司,77168.36;92.35;53.14;53.14,4
北京天马联合影视文化有限公司,77168.36;19907.12;3733.07,3
上海鸣艺文化传媒有限公司,77168.36;19907.12;3733.07;21055.65,4
天马电影制作有限公司,77168.36;3733.07,2
上海家喜文化传播有限公司,77168.36;19907.12,2
安徽广播电视台,14683.67;61386.83,2
安徽华星传媒投资有限公司,14683.67,1
深圳市美梦人生文化发展有限公司,14683.67,1
东宝株式会社,9957.45;3510.15;10266.09;47519.74;47572.38;4741.99,6
Bandai Namco Entertainment ,9957.45,1
Pierrot ,9957.45,1
Aniplex ,9957.45,1
武汉农商行传媒,5.96,1
中影集团电影数字制作基地有限公司,5.96,1
昆明沧龙文化传播有限公司,19.42,1
恒亚文化传媒（大连）有限公司,19.42,1
北京广播电视台,2562.12,1
北京电视艺术中心有限公司,2562.12,1
北京歌华有线电视网络股份有限公司,2562.12;3203.86;3368.16,3
深圳市锦安控股有限公司,3472.2;4104.79,2
博华（北京）影业有限公司,3472.2;4104.79,2
上海泓亮影视文化有限公司,3472.2,1
上海盐商集团有限公司,3472.2,1
上海通江资产管理有限公司,3472.2;5317.56;5317.56,3
上海梅卿传媒集团有限公司,3472.2,1
拍板影视文化（上海）有限公司,3472.2,1
深圳市前海华夏文化产业投资管理有限公司,3472.2,1
上海海嵛广告有限公司,3472.2,1
上海创丰投资管理股份有限公司,3472.2,1
原子映象有限公司,71.47,1
时光草莓电影有限公司,71.47,1
中环国际娱乐股份有限公司,71.47;553.88,2
贩卖基电影事业有限公司,71.47,1
北京创磁空间影视文化传媒有限公司,686.79,1
上海创磁文化传播有限公司,686.79,1
高全传媒文化发展（武汉）有限公司,686.79,1
梓精诚（北京）教育咨询有限公司,686.79,1
北京创磁文化传播有限公司,686.79,1
北京力乙山文化传媒有限公司,282.41,1
合肥橙空文化传播有限公司,282.41,1
广州金川文化有限公司,1693.35;707.88;1758.83,3
广东文化谷投资有限公司,1693.35,1
上海大万文化传播有限公司,776.1;134.06;2406.3,3
光延时代（北京）文化传媒有限公司,15041.0;305.97,2
山东嘉博文化发展有限公司,15041.0;32924.21;3622.96;305.97;49442.05;47952.73;288.64;1875.14,8
西藏乐华文化传播有限公司,15041.0;242.58,2
真爱（上海）影视文化传媒有限公司,15041.0;32924.21;96434.81,3
北京蓝钻文化传媒有限公司,15041.0;32924.21;1875.14,3
上海儒意影视制作有限公司,15041.0;66554.2;68051.6,3
陕西华源影视传播有限公司,15041.0;355.02,2
上海儒意制作有限公司,15041.0,1
上海庚心文化传媒工作室,15041.0,1
霍尔果斯尚元影视投资有限公司,15041.0;32924.21,2
上海嘉凤影视制作有限公司,15041.0,1
东方华尚（北京）文化传播有限公司,15041.0,1
聚美影视传媒无锡有限公司,15041.0,1
北京盛夏星空影视传媒有限公司,15041.0,1
北京时代光影文化传媒有限公司,15041.0,1
北京完美星空传媒有限公司,6343.64;4119.97;18627.33;3622.96;37112.32;173.35,6
福建真恒业文化传播有限公司,6343.64,1
浙江天猫技术有限公司,6343.64;926.27,2
北京千橡网景科技发展有限公司,6343.64,1
北京风行在线技术有限公司,6343.64,1
北京春秋时代文化有限公司,46287.33;247.68;574.03;526.94;35145.2,5
北京登峰国际文化传播有限公司,46287.33,1
南京军区政治部电视艺术中心,46287.33,1
北京同人时代文化传播有限公司,2138.8;555.15,2
北京和润鸿蒙影视文化有限公司,4965.92;8646.49,2
北京秦禾嘉业文化传媒有限公司,4965.92,1
河北影视集团有限公司,3128.93;2077.26,2
容盛文化传媒有限责任公司,3128.93,1
中共河北省委宣传部,3128.93,1
河北省广播电影电视局,3128.93,1
中共石家庄市委宣传部,3128.93,1
福建星宇文化传播有限公司,3128.93,1
福州易货通文化传播有限公司,3128.93,1
福建汉室电影有限责任公司,3128.93,1
上海华桦文化传媒有限公司,7996.43;242.58,2
北京恒业时光影视文化传播有限公司,7996.43,1
东阳向上影业有限公司,7996.43;75233.94;949.3,3
华桦传媒,7996.43;39373.97,2
向上影业,7996.43,1
唯品会,7996.43,1
春秋时代（天津）影业有限公司,7996.43;35145.2,2
太维文化,7996.43,1
北京乐华圆娱文华传播有限公司,7996.43,1
春秋时代（霍尔果斯）影业有限公司,7996.43;35145.2,2
上海太维文化传播有限公司,7996.43,1
火红电影有限公司,13728.25;11193.6,2
苏宁环球股份有限公司,13728.25,1
北京泛亚视觉文化传播有限公司,487.29;487.29;1310.03,3
北京岳松影视文化有限公司,487.29;487.29,2
福星全亚文化传媒（上海）有限公司,487.29;487.29;4104.79;4298.8;992.41,5
克诺影视传媒（北京）有限公司,487.29;487.29,2
深圳华谊影业有限公司等出品,487.29;487.29,2
北京先锋传奇影视文化有限公司,487.29;487.29,2
拉卡拉影业有限公司,487.29;487.29,2
深圳前海时代影业有限公司,487.29;487.29,2
北京长龙兄弟影视文化传播有限公司,487.29;487.29,2
北京海纳三川文化发展有限公司,487.29;487.29,2
北京盛品国际影视传媒有限公司,487.29;487.29,2
中影新锐（北京）影视文化发展有限公司,4119.97;18627.33;3622.96,3
上海世茂文化传媒有限公司,4119.97;18627.33;1029.31;4903.27,4
深圳市视界浪潮传媒有限公司,4119.97,1
北京意合影视传媒有限公司,4119.97,1
中星国影（北京）文化传媒有限公司,4119.97;3622.96,2
香港恒业电影发行有限公司,4119.97;3622.96,2
福建神画时代数码动画有限公司,82.41,1
Tokyo Broadcasting System (TBS) ,3510.15,1
东宝国际,3510.15;10266.09;4741.99,3
Film Face ,3510.15,1
Kadokawa ,3510.15,1
WoWow Inc. ,3510.15,1
tbs电视台,3510.15,1
Mainichi Broadcasting System (MBS) K.K. ,3510.15,1
Asahi Shimbunsha ,3510.15,1
KDDI Corporation ,3510.15;4741.99,2
Hokkaido Broadcasting Company (HBC) ,3510.15,1
CBC Television ,3510.15,1
FLaMmE ,3510.15,1
RKB Mainichi Broadcastin,3510.15,1
索尼动画,10279.91;11802.6,2
米高梅电影公司,51927.26;8153.92;29085.89;65211.68,4
Danjaq Productions ,51927.26,1
武汉数字领海电影科技有限责任公司,223.69;8.76,2
北京数字领海电影科技有限公司,223.69,1
北京赛轮伟业科技发展有限公司,223.69,1
香港峻东娱乐有限公司,587.22,1
广州富瑭投资有限公司,587.22,1
广州珠影数字音画传媒有限公司,587.22,1
国瑞影都文化发展（北京）有限公司,587.22,1
北京微妙文化传媒有限公司,33481.78,1
上海伟懋影视文化有限公司,33481.78,1
海宁嘉行天下影视文化有限公司,33481.78;15547.38,2
北京海不扬波影视文化有限公司,33481.78,1
广东华之杰影视传播有限公司,74.34,1
融资城电子商务有限公司,74.34,1
北京完美影视传媒股份有限公司,2718.05;6124.61;7582.47;27971.77,4
上海中正达广投资管理有限公司,2718.05;521.19,2
广州海力动漫文化发展有限公司,105.08;144.98,2
深圳市前海小蚂蚁文化传媒有限公司,105.08,1
广州文铭广告有限公司,105.08,1
广州立兴文化传媒有限公司,105.08,1
广州蜂锋文化传播有限公司,105.08,1
深圳市掌众信息技术有限公司,707.88,1
浙江高乐动漫有限公司,707.88,1
珠海天娱影视制作有限公司,929.01,1
美亚长城传媒（北京）有限公司,390.85;1624.76;548.58;171.45;751.28;2193.38,6
北京华录百纳影视股份有限公司,548.58;19078.61;3251.18,3
美迅影视传媒（北京）有限公司,548.58,1
北京广电影视传媒有限公司,171.45;27316.9,2
中金华泰投资有限公司,171.45,1
红扁担（北京）文化传播有限公司,171.45,1
香港影王朝有限公司,751.28;1288.2;6512.71,3
河南电影制片厂,751.28;11.96;1288.2,3
汉文化电影公司,751.28;6512.71,2
北京盛合经纬文化传媒有限公司,69.45,1
盛合经纬文化传媒（香港）有限公司,69.45;2373.34;28613.17,3
中国三环音像社,162.22,1
南京澜印象文化传播有限公司,162.22,1
江苏大烨影视文化投资有限公司,162.22,1
北京顶峰传奇影视文化有限公司,4104.79,1
四川省热窝文化传播有限公司,4104.79;1029.31,2
金银国（厦门）文化传媒有限公司,4104.79,1
深圳前海摩尔传媒有限公司,4104.79,1
北京网智天元科技股份有限公司,4104.79,1
台湾热窝文化传媒有限公司,4104.79,1
东莞先秦文化传播有限公司,4104.79,1
无限动力实业有限公司,134.98,1
星光联盟影业（北京）有限公司,134.98;35145.2;28295.43;79.87,4
星光联盟影业无锡有限公司,134.98;139.09,2
正能量影业无锡有限公司,139.09,1
帼星电影文化产业（北京）有限公司,139.09;28295.43,2
剑河县仰阿莎旅游投资开发有限责任公司,22.62,1
中共剑河县委,22.62,1
剑河县人民政府,22.62,1
贵州剑河县清水江畔房地产开发有限责任公司,22.62,1
贵州红遍天古典家具有限责任公司,22.62,1
重庆夏坤建设（集团）有限公司,22.62,1
贵州剑河园方林业投资开发有限公司,22.62,1
贵州凯里金泰房地产开发有限责任公司,22.62,1
黔东南州旅游局,22.62,1
上海红地毯文化传播有限公司,50.1,1
山西飞播影视文化传媒有限公司,50.1,1
北京韵艺辉煌文化传媒有限公司,7.29,1
北京笨鸟高飞影视文化有限公司,426.11,1
北京玖门肆城影视文化有限公司,426.11,1
湖南广播电视台电视剧频道,468.54,1
哈尔滨松松文化发展有限公司,143.57,1
哈尔滨智慧动画艺术有限公司,143.57,1
浙江海缘影视有限公司,514.5;514.5;514.5;514.5,4
中国海莱坞影视发展有限公司,514.5;514.5;514.5;514.5,4
海莱坞影视发展有限公司,514.5;514.5,2
上海凯羿影视传播有限公司,247.68;1196.64;159.24;119.74;1248.81;1324.66;6620.23,7
北京无限自在文化传播有限公司,247.68;1310.03,2
上海天幕星映文化传媒有限公司,247.68;526.94,2
武汉传奇人影视艺术有限公司,247.68;574.03;526.94;35145.2,4
海南春天文化传媒有限公司,247.68;574.03,2
海南传奇影业有限公司,574.03,1
北京沃森影视文化交流有限公司,26.94;3366.88,2
中国动漫集团公司,1075.56,1
中娱文化股份有限公司,1075.56,1
奥空动画公司,1075.56,1
天津逗友文化传播有限公司,241.19,1
Bang Singapore ,241.19,1
A Grand Elephant ,241.19,1
杭州寰耀影视文化传媒有限公司,77.46;1023.07,2
河南弘星影视传媒有限公司,77.46,1
弘星（北京）数字传媒有限公司,77.46,1
杭州热气球影视文化传媒有限公司,77.46;462.04,2
天古数码艺术设计（上海）有限公司,462.04;5619.41,2
舞之数码动画制作有限公司,462.04;5619.41,2
天漫文化,462.04;834.53,2
江苏糖心文化传媒有限公司,462.04,1
东莞市莞宣文化传播有限公司,1023.07,1
深圳比克非凡文化创意有限公司,1023.07,1
北京稻草熊影视文化有限公司,790.78,1
广东新华展望传媒有限公司,790.78;1860.88;1860.88,3
北京玖玖盛放影视文化有限公司,790.78,1
禾木恩泽文化传媒(北京）有限公司,529.28,1
优美力创（北京）文化传媒有限公司,529.28,1
北京柒影文化传媒有限公司,529.28,1
上海汀澜生物科技有限公司,529.28,1
北京韩露影视科技文化有限公司,20.91,1
襄阳百纳影视文化有限公司,20.91;6094.4,2
北京自由高度传媒广告有限公司,102.31,1
寰宇娱乐有限公司,1772.6;19832.71;12205.6;16451.77;2172.05;2591.68;2132.88,7
广东奥飞动漫文化股份有限公司,1772.6;4194.73;8179.54;4440.69,4
红色凯歌（北京）文化传媒有限公司,3.9,1
河北波仔文化传播有限公司,3.9,1
河北顺直通文化传媒有限公司,3.9,1
重庆市久来文化传媒有限公司,20.91,1
河北领头羊影视传媒有限公司,77.15,1
中共唐山市委宣传部,15.47,1
大泓画面国际影视文化传媒（北京）有限公司,15.47,1
开封群星闪耀文化传媒有限公司,8.84,1
北京米灿文化传媒有限公司,34.55,1
海南广播电视总台,388.25,1
陕西文化产业投资控股（集团）有限公司,388.25,1
陕西文投（影视）艺达投资有限公司,388.25,1
华娱时代影业（北京）投资股份有限公司,388.25,1
海南广电传媒影视有限公司,388.25,1
北京梦工作文化艺术有限公司,388.25,1
重庆鼎盛影业公司,8.72;16.19;14.56,3
重庆嘉创影视传媒有限公司,8.72;16.19,2
中国香港皇马影视投资有限公司,8.72;16.19,2
中国台湾禾田四季传媒股份有限公司,8.72,1
福建大唐盛世文化传媒有限公司,8.72,1
杭州古今时代电影制作有限公司,739.6,1
浙江新长城动漫有限公司,739.6,1
广州虹猫蓝兔动漫科技有限公司,739.6,1
中视远方（北京）文化传媒有限公司,12.86,1
湖南华翼星文化影视传媒,73.83,1
北京华瑞留芳文化传播有限公司,73.83,1
北京标准时间电影制作有限公司,73.83,1
深圳善为影业股份有限公司,19907.12;3622.96,2
北京影行天下文化传播有限公司,19907.12;66554.2;68051.6;1221.57,4
天马电影出品（香港）有限公司,19907.12;21055.65,2
华策联合影业（天津）有限公司,19907.12,1
上海番薯影业有限公司,19907.12,1
浙江华策影视股份有限公司,19907.12,1
北京伟世兄弟影视文化传媒有限公司,161.9,1
沈阳伟世兄弟文化传播有限公司,161.9,1
香港电视广播有限公司,2898.67;35364.63;1126.72,3
银都机构有限公司,2898.67,1
邵氏影城有限公司,2898.67,1
广州连乐文化传播有限公司,2898.67,1
汇骏娱乐有限公司,2898.67,1
北京源石影视文化有限公司,2898.67,1
北京源石影视文化有限公,2898.67,1
皮克斯动画工作室,9380.03;18797.69;21792.7,3
联美电影公司,32201.4,1
MGM-International Dist. ,32201.4;29344.14,2
idg中国媒体基金,168.82,1
浙江浙影年代文化传播有限公司,36.01,1
美国漫威影业公司,61321.19;131747.2;31185.45;56222.47;48579.97;57583.4;63121.8,7
威秀影业,331.03;10298.3;35365.42;51427.48;27499.38;11783.13,6
秀宝,4471.64,1
Nu Image Films ,3932.36,1
北京大安映画文化传媒公司,11109.45,1
上海酷哇伊文化传媒有限公司,11109.45;6094.4,2
北京时代星空文化传媒有限公司,11109.45,1
喀什蓝色火焰文化传媒有限公司,11109.45,1
上海若木影视投资有限公司,11109.45,1
北京嘉宝伯锐国际文化传媒有限公司,11109.45,1
北京宣艺天地文化传媒有限公司,11109.45,1
王岳伦（上海）影视文化工作室,11109.45;4728.92,2
Working Title Films ,5316.6;856.03;9905.05,3
派拉蒙影业公司,156849.32;29344.14;25640.61;15729.54;8153.92;39373.97;37018.78;35702.84;9348.02;55807.11;68193.49;63121.8,12
Hasbro Inc. ,156849.32;29344.14,2
Ian Bryce Productions ,156849.32,1
家赋,156849.32,1
北京星宇华夏国际影视文化传媒有限公司,11.54,1
北京九天互动文化发展有限公司,11.54,1
神州金马影视文化传媒,11.54;37.91,2
北京真实焦点影视文化传播有限公司,6.94,1
呼和浩特市信迪文化传媒有限公司,6.94,1
华特・迪士尼动画公司,34197.35;87872.52,2
北京冬春文化传播有限公司,927.23,1
上海银润传媒广告有限公司,927.23;175.51;2247.52;35.23;742.63,5
北京和润德堂文化传媒股份有限公司,927.23,1
北京海盛文化发展有限公司,679.72,1
延平影业有限公司,113.57;113.57;145.51;145.51,4
博纳影视娱乐有限公司,113.57;113.57;145.51;145.51;8646.49;17265.94;37103.04;70316.87;11193.6;2254.12,10
广东金逸珠江电影院线有限公司,2077.26;5901.69,2
北京一声春雷影视文化有限公司,2077.26,1
河南文化影视集团有限公司,2077.26,1
江苏文化产业集团,2077.26,1
湖北银兴院线影业有限责任公司,2077.26,1
浙江横店电影院线有限公司,2077.26;511.22,2
北京春秋四海影业投资有限公司,2077.26;39.85,2
乐在（北京）文化传播有限公司,42.34,1
印度科瑞恩电影公司,797.84,1
杰瑞・布鲁克海默电影公司,7888.77,1
Golden Village Pictures ,10266.09,1
Autoaid Integrated Design ,10266.09,1
Ray CO Creative ,10266.09,1
Furyu ,10266.09,1
常州广播电台,113.37,1
江苏卡龙动画影视传媒股份有限公司,113.37,1
形创幻维（北京）文化传播有限公司,8.97,1
北京良锋骏景文化传媒有限公司,64.79,1
湖北电影制片厂,1.99;8.68,2
湖北中盟影视有限公司,1.99,1
武汉五洲恒顺创业投资管理有限公司,1.99,1
RatPac Entertainment ,35605.54;35605.54;59078.07,3
Anonymous Content ,35605.54;35605.54,2
New Regency Pictures ,35605.54;35605.54,2
Monarchy Enterprises S.a.r.l. ,35605.54;35605.54,2
Appian Way ,35605.54;35605.54,2
TriStar Pictures ,13476.19,1
北京幸福村文化交流有限公司,139.49,1
北京海润华夏影视制作发行有限公司,139.49;270.39,2
天津新月影视传媒有限公司,139.49;270.39,2
内蒙古蓝色故乡影业公司,139.49,1
长安法制电视制作中心,7.5,1
辽宁广播电视台,4.16,1
十全媒体娱乐营销股份有限公司,1289.78;751.77,2
星势力娱乐股份有限公司,1289.78,1
香格里拉音乐有限公司,1289.78,1
达芙妮国际控股有限公司,1289.78,1
稻草综合制作有限公司,1289.78,1
阿荣影业有限公司,1289.78,1
力荣影视器材有限公司,1289.78,1
娱乐宝,1289.78;1860.88;1860.88,3
Pathé ,63.36;541.34,2
索尼图形图像运作公司,56222.47,1
天下乐田电影文化传媒（北京）有限公司,57.01,1
北京云之国影音文化有限公司,57.01,1
北京鹏讯文化科技有限公司,57.01,1
Babieka ,11325.13,1
A113 ,11325.13,1
石头天使影业,2466.3,1
七星娱乐集团,2466.3,1
北方联合影视集团有限公司,187.19,1
中广文博（北京）投资有限公司,187.19,1
北京一声春雷影业有限公司,187.19,1
北京申开影视文化有限公司,7.43,1
浩安（北京）影视文化传媒有限公司,18.56,1
Constantin Film Produktion GmbH ,9487.26;2786.04,2
厦门皓月文化传媒有限公司,2.66,1
北京快乐星文化传播有限公司,27829.32,1
百姓电影有限公司,27829.32,1
星光联盟文化发展（北京）有限公司,384.77;665.47;488.9,3
东阳文瀚影视广告有限公司,384.77,1
浙江至诚果然文化发展有限公司,384.77,1
m发行团队,2301.32,1
天狼星电影国际有限公司,19832.71;2132.88,2
谷乐乐投资有限公司,19832.71;12205.6,2
北京谷天文化传播有限公司,8.99,1
Fast 7 Productions ,195358.45,1
上海星格影业有限公司,23.95,1
上海兴美文化传播有限公司,23.95,1
夏纳文化传播有限公司,23.95,1
上海晨杰文化传媒有限公司,23.95,1
上海魔洲影业有限公司,23.95,1
上海出版印刷高等专科学校,23.95,1
上海盛美影视文化传媒有限公司,23.95,1
中国人民解放军第三二医院,1.8,1
Pathé Cinéma ,541.34,1
Hopscotch Features ,4637.22,1
西安影视制片公司,19.13,1
九州音像出版公司,19.13,1
光影先锋（北京）文化传媒有限公司,19.13,1
北京中天鼎盛影视文化传播有限公司,19.13,1
岗华影视传播有限公司,2386.42,1
华联国际,29646.2,1
玉春雷娱乐文创股份有限公司,29646.2,1
无限映画电影制作有限公司,6266.16;2441.83;7336.79,3
香港基金电影公司,830.03,1
江阴市天普文化传播有限公司,100.91,1
山东电影电视剧制作中心,139.26,1
中共山东省委宣传部,139.26,1
坏机器人,25640.61;71290.65;39373.97;78093.51,4
20世纪福克斯公司,58243.15,1
20世纪福克斯德国分公司,58243.15,1
Mad Hatter Entertainment ,35046.51,1
石家庄精合双成文化传播有限公司,3.48,1
江西电影制片厂,736.12;5879.33,2
北京大汗天下传媒有限公司,736.12,1
泽东电影公司,6162.56;25870.79;743.89,3
一壹国际影视文化传媒（北京）有限公司,6162.56;16451.77;3649.47;6620.23;470.71,5
广东雅信文化传播有限公司,6162.56;25870.79;28613.17,3
时代华娱影视传媒投资有限责任公司,6162.56;25870.79,2
西安银都电影发行有限公司,6162.56,1
北京市广播电影电视局,6162.56,1
北京盛唐时代文化传播有限公司,6162.56,1
北京蓝色光标品牌管理顾问股份有限公司,6162.56,1
Chernin Entertainment ,12557.92,1
龙江电影制片厂,17.7,1
深圳前海普惠众筹交易股份有限公司,388.25,1
广东南方领航影视传播有限公司,388.25,1
杭州道玄影视科技有限公司,388.25,1
中国电影家协会,9.98;100.87;35.57,3
北京时空传奇文化艺术有限公司,9.98,1
北京电影学院,442.68,1
北京艾易美迅动画制作有限公司,442.68,1
北京必合氏嘉文化传媒有限公司,442.68,1
Hartswood Films ,15409.77,1
BBC Cymru Wales ,15409.77,1
Masterpiece Pictures ,15409.77,1
盛日影业公司,8694.8,1
卢卡斯电影有限公司,71290.65,1
Truenorth Productions ,71290.65,1
美国坏机器人制片公司,71290.65;39373.97,2
Team Todd ,34828.33,1
Tim Burton Productions ,34828.33,1
Legend3D ,34828.33,1
北京万方幸星数码科技有限公司,634.69,1
东方华影（北京）文化传媒有限公司,742.13,1
北京亿旺京闽科技集团有限公司,742.13,1
中国梦电影文化产业有限公司,5973.12;28613.17;4320.7,3
光点影业股份有限公司,5973.12,1
大盛国际传媒（北京）有限公司,39074.66;1541.2,2
东申童画（北京）文化传播有限公司,39074.66;1391.42,2
大盛国际传媒集团有限公司,39074.66;1541.2,2
深圳吴氏影视娱乐有限公司,39074.66,1
北京天华秀星文化传媒有限公司,39074.66,1
上海永旭文化传播有限公司,4194.73,1
蓝莓影业,6213.41,1
希云森林文化（北京）有限公司,6213.41,1
长沙惠美文化传播有限公司,643.64;22169.31,2
东方良友影视传媒（北京）有限公司,643.64,1
北京三多堂传媒股份有限公司,643.64,1
北京伯乐世纪文化传播有限公司,643.64,1
东方星空创业投资有限公司,5874.95,1
杭州玄机科技信息技术有限公司,5874.95,1
上海骏梦网络科技有限公司,5874.95,1
合一网络科技（北京）有限公司,5874.95;432.49,2
北京九州盛世文化传播有限公司,270.39,1
北京天润恒创科技有限公司,270.39,1
北京大众明天文化传媒有限公司,270.39,1
银河映像（香港）有限公司,13332.7;18814.79;18312.01;4720.91,4
深圳市城市文化发展有限公司,263.81,1
南京向天歌传媒有限公司,263.81,1
东阳弘景影视,8646.49,1
东阳弘景影视文化有限公司,8646.49,1
福建时代众乐影业有限公司,8646.49,1
天津银河文化传媒有限公司,35145.2,1
云南广电传媒集团有限公司,35145.2,1
北京卓然影业有限公司,35145.2,1
乐华娱乐（中国）,35145.2,1
霍尔果斯春秋时代文化传媒有限公司,35145.2,1
霍尔果斯登峰国际文化传播有限公司,35145.2,1
春秋时代影业,35145.2,1
云南广电传媒集团,35145.2,1
云南金彩视界影业有限公司,35145.2,1
小马时代（北京）文化传媒有限公司,15.95,1
北京龙乐东方影视文化传媒有限公司,51765.95;887.67;501.99;501.99;903.16;177.62,6
星美影业有限公司,51765.95,1
霍尔果斯春天融合传媒有限公司,51765.95;75233.94,2
寰亚电影制作有限公司,51765.95;9981.35,2
北京烈火影业有限公司,51765.95,1
上海克顿文化传媒有限公司,51765.95,1
独山县人民政府,38.54,1
泰唐健达影视制作有限公司,38.54,1
北京三农汇丰食品有限公司,38.54,1
河北鹏博传媒有限公司,38.54,1
千和影业（北京）有限公司,5395.23,1
无锡杰翱影视文化传媒有限公司,5395.23,1
北京爱之甘醇文化艺术有限公司,5395.23,1
富能投资有限公司,5395.23,1
千和之源（北京）资本管理有限公司,5395.23,1
北京世纪伙伴文化传媒,5395.23;3251.18,2
无锡金视影视制作有限公司,67.83,1
北京润盛嘉和文化传媒有限公司,67.83,1
唐山润盛嘉和影视传媒有限公司,67.83,1
清影互动（北京）广告有限公司,650.53;31.53,2
杭州潜影文化创意,650.53,1
旗帜（上海）数字传媒有限公司,650.53,1
东阳市花儿影视文化有限公司,32924.21,1
海洋星（北京）文化发展有限公司,32924.21,1
周拓如（上海）影视文化工作室,32924.21,1
北京星耀佳彤文化传播有限公司,32924.21,1
北京裕禾佳成文化传媒有限公司,32924.21,1
贵州幕域宸丰影视文化传媒有限公司,32924.21,1
上海蔻依文化传播有限公司,32924.21,1
北京若水彤云影视文化传媒有限公司,6094.4,1
东阳新视觉影视文化有限公司,6094.4,1
北京希世纪影视文化发展有限公司,6094.4,1
北京华图宏阳教育文化发展股份有限公司,6094.4,1
广东浙银投资控股有限公司,6094.4,1
上海慧宇投资发展有限公司,6094.4,1
华泉中天文化发展有限公司,6094.4,1
东阳万树影视传播有限公司,6094.4,1
深圳泽西年代影业有限公司,3188.19,1
杭州领星影视文化有限公司,52.58,1
深圳前海财富动力影视基金管理有限公司,52.58,1
杭州金康银电子工程有限公司,52.58,1
中视云投文化产业投资有限公司,2422.48,1
合一信息技术（北京）有限公司,2422.48;22428.66;8393.75;615.53;32049.61,5
阿里巴巴（中国）网络技术有限公司,2422.48;67775.03,2
澳洲极光影业公司,2422.48,1
麦克斯传媒有限公司,2422.48,1
22h22有限责任公司,2422.48,1
君舍文化投资（北京）有限公司,2422.48,1
重庆中盛衡顺广告公司,2422.48,1
北京响巢国际传媒股份有限公司,2422.48,1
红星坞娱乐传媒投资有限公司,2422.48,1
加拿大传媒投资有限公司,2422.48,1
加拿大塞维亚电影有限公司,2422.48,1
英国诺特瑞斯电影制作有限公司,2422.48,1
美国冰川电影有限公司,2422.48,1
江苏中南影业有限公司,12980.02;3368.16,2
上海千易志诚文化传媒有限公司,12980.02;3368.16,2
北京标准映像文化传播有限公司,12980.02,1
联瑞(上海)影业有限公司,12980.02,1
微影时代无锡影业有限公司,12980.02,1
上海观象影业有限公司,12980.02,1
星光麦特传媒集团有限公司,12980.02,1
星光麦特传媒集团,12980.02,1
tgr工作室,7005.19,1
香港星王朝有限公司,100234.58;35364.63,2
中国星集团,100234.58,1
粼煺,100234.58,1
中国星电影有限公司,100234.58;28295.43,2
安徽电影集团（安徽电影制片厂）,69.69,1
安徽五星东方影视投资有限公司,69.69,1
Shogakukan Inc. ,47572.38,1
朝日电视台,47572.38,1
新鼎明影基金,959.72,1
北京瑞格嘉尚文化传播有限公司,959.72;4298.8,2
深圳广播电影电视集团,18627.33;553.82,2
时尚集团《时尚先生》杂志社,18627.33,1
北京致信惠远科技文化发展有限公司,18627.33,1
重庆巨磊影视传媒有限公司,18627.33,1
浙江浩宇互动文化传播有限公司,3622.96,1
光影文化传媒有限公司,3622.96,1
幕客影视传媒有限公司,3622.96,1
世纪长龙影视股份有限公司,3622.96;90045.7,2
广州大名娱乐经纪有限公司,3733.07,1
北京传灯文化投资有限公司,305.97,1
北京光延时代（北京）文化传媒有限公司,305.97,1
北京锦绣映画影视文化传播有限公司,305.97,1
时代天骄文化传媒有限公司,305.97;3917.8,2
北京新影世纪影视文化发展有限公司,305.97,1
捷成宏禧文化传播股份有限公司,305.97,1
北京世纪传灯文化投资有限公司,305.97,1
中视国文（北京）文化传媒有限公司,263.27,1
红色树林文化传媒（北京）有限公司,262.72,1
金马伯乐亚洲影视文化传媒（北京）有限公司,262.72,1
湖北黄冈广电数字传媒有限公司,262.72;2736.4,2
中共湖北省委宣传部,8.68,1
武汉市汉口历史文化风貌街区经营管理有限公司,8.68,1
中共武汉市委宣传部,8.68,1
中共武汉市江岸区委员会,8.68,1
昆山斐凡动画有限公司,79.94,1
上海聚力传媒技术有限公司,6124.61;134.06,2
海宁聚光灯影业有限公司,6124.61;7582.47,2
华视网聚（常州）文化传媒有限公司,6124.61,1
北京华美时空文化传播有限公司,6124.61,1
凯擘香港有限公司,6124.61,1
天津突燃文化传媒有限公司,6124.61;2590.46,2
东阳易星传媒有限公司,25136.87;113.22,2
上海剧酷文化传播有限公司,25136.87;992.41,2
上海腾讯影业文化传播有限公司,25136.87,1
华策克顿集团上海剧酷文化传播有限公司,25136.87,1
上海拾谷影业有限公司,25136.87,1
泰洋川禾文化传媒有限公司,25136.87,1
北京中联华盟文化传媒投资公司,25136.87,1
Walden Media ,9905.05,1
Cross Creek Pictures ,9905.05,1
寰亚影视发行（香港）有限公司,1005.95,1
北京荣信达影视艺术有限公司,18814.79;18312.01,2
广州市英明文化传播有限公司,16451.77,1
智乐文化传媒（集团）有限公司,16451.77,1
浙江观G影业有限公司,16451.77;2591.68,2
北京春天融和影视文化有限责任公司,19701.61;4547.17;22627.91,3
优酷出品,19701.61,1
北京老男孩文化投资有限公司,19701.61,1
北京磐晟投资管理有限公司,19701.61,1
安徽八点半文化传媒有限责任公司,19701.61,1
北京中金视线文化传播有限公司,19701.61,1
上海永琪企业管理有限公司,19701.61,1
北京千易时代文化传媒有限公司,19701.61,1
东阳紫风影视制作有限公司,19701.61,1
北京光彩影业传媒有限公司,19701.61,1
北京金鹤文化传媒有限公司,19701.61,1
上海儒意欣欣影视工作室,19701.61,1
和力辰光国际文化传媒（北,19701.61,1
北京猿川影视文化有限公司,5417.22,1
广州桦森影视有限公司,5417.22;821.88,2
金色环球传媒股份有限公司,5417.22,1
江苏译林影视文化传媒有限公司,43745.36,1
上海学禾文化传媒有限公司,43745.36,1
北京南海影业公司,112.58;861.57,2
上海银来影业有限公司,112.58,1
上海澳娱文化传播股份有限公司,112.58,1
法国同一赛手有限公司,151.76,1
HIT Entertainment Ltd. ,1685.59,1
Arc Productions ,1685.59,1
上海星洲文化传媒有限公司,38.43,1
善林(上海)金融信息服务有限公司,38.43,1
有妖气原创漫画梦工厂,11051.44,1
北京缘鑫国际文化传媒有限公司,56.2,1
河南暴风雨文化投资有限公司,56.2,1
北京万森群星影视文化传播有限公司,56.2,1
深圳市深投文化投资有限公司,285.85,1
深圳市深影橙天院线有限公司,285.85;491.06,2
北京华艺天鑫文化发展有限公司,285.85,1
TriStar Productions ,8724.18,1
LStar Capital ,8724.18,1
ImageMovers ,8724.18,1
深圳市新原野娱乐传媒有限公司,14972.14,1
寰亚综艺娱乐集团有限公司,14972.14,1
ARD Degeto Film GmbH ,14972.14,1
北京标准影像文化传播有限公司,28177.12,1
拔迪创意有限公司,17265.94,1
中国星娱乐有限公司,28295.43,1
阿里巴巴影业集团有限公司,28295.43;15325.51;39373.97;78093.51;273226.86;45720.22;1860.88;1860.88;26436.99;3251.18,10
信达国信资本管理（北京）有限公司,92.35,1
活力天行影业投资（北京）有限公司,92.35,1
环球传奇影视娱乐有限公司,92.35,1
东莞市名博影视策划有限公司,92.35,1
北京天堂文化发展有限公司,5317.56;5317.56,2
万达影业（青岛）有限公司,5317.56;5317.56;1221.57;136843.87;1333.82,5
电影频道节目制作中心,5317.56;5317.56;3203.86,3
北京艺洋控股有限公司,5317.56;5317.56,2
北京东西鼎盛文化投资有限公司,5317.56;5317.56,2
北京高登世界影视文化传媒有限公司,5317.56;5317.56,2
伊犁大盛传奇影业有限公司,5317.56;5317.56,2
北京贸大汇文化投资管理中心,5317.56;5317.56,2
立德星影视文化传媒（北京）有限公司,5317.56;5317.56,2
中川影业传媒（北京）有限公司,5317.56;5317.56,2
北京全景无限影视文化有限公司,5317.56;5317.56,2
中视艺洋（北京）文化发展有限公司,5317.56;5317.56,2
北京乐华圆娱文化传播股,5317.56;5317.56,2
北京缔久印象文化传媒有限公司,359.95,1
韦恩斯坦公司,1611.7;25371.2,2
我们制作有限公司,15325.51;8110.08;37271.69;26436.99,4
我们亚博思电影发行（北京）有限公司,15325.51,1
上海极客文化传播有限公司,15325.51,1
极客影业（上海）有限公司,15325.51,1
霍尔果斯嘉美影业有限公司,15325.51,1
天恩娱乐有限公司,15325.51,1
亚博思文化传媒（北京）有限公司,15325.51,1
smg尚视影业,15325.51,1
海宁壹颗心影视文化有限公司,45789.54,1
再旦（北京）影视文化传媒有限公司,45789.54,1
祥禾盛世国际影视文化传媒（北京）有限公司,45789.54,1
北京好家伙国际影视文化发展有限公司,45789.54,1
湖南芒果娱乐有限公司,3649.47;66554.2;68051.6,3
千里同乐影视文化传媒（北京）有限公司,3649.47,1
浙江乐颂文化传媒有限公司,3649.47,1
英皇电影,3649.47;1803.99;92.75;92.75,4
上海骋亚影视文化传媒有限公司,66554.2;68051.6;35389.03,3
天津猫眼文化传媒有限公司,66554.2;68051.6;24804.35;1875.14;273226.86;3424.78;39691.56;32049.61,8
时尚星光（北京）传媒股份有限公司,66554.2;68051.6;6272.47;6272.47,4
上海三次元影视传媒有限公司,70316.87;26436.99;32049.61,3
新丽传媒股份有限公司,96434.81;15768.07;4903.27;39691.56,4
天津金狐文化传播有限公司,96434.81,1
光棍儿（北京）文化发展有限公司,1221.57,1
浙江光棍儿影视文化有限公司,1221.57,1
北京歌亮传媒有限公司,6272.47;6272.47,2
合一资本,6272.47;6272.47;4677.14,3
光影工厂,6272.47;6272.47,2
北京华人天地影视策划股份有限公司,6272.47;6272.47,2
北京溢通导明文化传播有限公司,665.47;488.9,2
美亚娱乐资讯集团有限公司,25870.79,1
一壹影视文化投资基金,25870.79;61386.83,2
蓝色光标传播集团,25870.79,1
普拉嘉国际意像影艺股份有限公司,19078.61,1
东阳华录百纳影视有限公司,19078.61,1
北京云旗文化传媒股份有限公司,19078.61,1
引力影视国际有限公司,19078.61,1
上海乐在其中影视传播有限公司,4298.8;992.41,2
北京佟悦名新文化传媒有限公司,4298.8,1
嘉铭影业,4298.8,1
江苏朱瓷影业有限公司,4298.8,1
北京华都新雨影视文化发展有限公司,100.87,1
中国贵州茅台酒厂（集团）有限责任公司,939.27,1
潇湘电影集团有限公司,939.27,1
苛刻与不同寻常影业,59078.07,1
DC Entertainment ,59078.07,1
华纳兄弟影片公司,59078.07,1
Cruel & Unusual Films ,59078.07,1
Walt Disney Animation Studios ,87872.52,1
北京鼎恒博源文化传媒有限公司,1029.31;273226.86,2
天津中外名人鼎恒影业发展有限公司,1029.31,1
北京舸斐木影视文化有限公司,1029.31,1
上海七贤影视文化传媒有限公司,54.07;853.99,2
北京欣卫文化发展有限公司,54.07;6620.23,2
广州星型美影视制作有限公司,562.66,1
浙江华彰文化策划有限公司,562.66,1
广州市肯特人影视制作传播有限公司,562.66,1
北京电影制片厂,7.07;7.5,2
Dexter Film ,11042.96,1
十美娱乐传媒（北京）股份有限公司,751.77;992.41,2
十全十美娱乐传媒有限公司,751.77,1
华谊兄弟国际有限公司,51835.33;4677.14;6731.56;1216.03;21408.38;61386.83;27316.9;3917.8;19290.44;949.3,10
中国电影合作制片公司,4677.14;949.3;2813.02,3
北京新力量影视文化有限公司,4677.14,1
北京第七印象影视传媒有限责任公司,75233.94;22627.91,2
北京一帆风顺影视文化工作室,6731.56;61386.83,2
上海路画影视传媒有限公司,6731.56,1
新圣堂（天津）文化,24353.76,1
北京隽扉世纪文化传播有限公司,8808.96,1
天津金润文华传媒有限公司,8808.96,1
北京网秦天下科技有限公司,8808.96,1
致远博翱影业（北京）有限公司,8808.96,1
大众点评网,1216.03,1
北京源合圣影视文化发展有限公司,21408.38,1
厦门领航世纪文化传媒有限公司,21408.38,1
成龙英皇影业有限公司,61386.83,1
北京影武者文化传媒有限公司,61386.83,1
北京橙天嘉禾影视制作有限公司,511.22;1288.2;491.06;22740.65,4
北京光辉联晟影视有限公司,511.22,1
四川峨影新生力文化传播有限公司,511.22;173.35,2
广东原创动力文化传播有限公司,8179.54;5740.55;10166.93;6840.66,4
Reel FX Creative Studios ,3917.8,1
Mandoo Pictures Co. ,3917.8,1
漫动时空（香港）有限公司,3917.8,1
华谊腾讯娱乐有限公司,3917.8,1
漫动时空文化发展（天津）有限公司,3917.8,1
梦幻工厂文化传媒（天津）股份有限公司,3917.8,1
天津画国人动漫创意有限公司,3917.8,1
吉姆汉森科技发展（天津）有限公司,3917.8,1
MANDOO Pitcures ,3917.8,1
北京漫动时空文化传播有限公司,3917.8,1
时尚芭莎,166.9,1
湖北省电影发行放映总公司,5879.33;459.87,2
北京和合悦视文化传播有限公司,37651.96,1
栀子花开（天津）文化传播有限公司,37651.96,1
江苏幸福蓝海影业有限责任公司,37651.96;9316.61;938.97;142.53;803.75,5
北京洪泰同创投资管理有限公司,37651.96,1
北京光彩世纪文化艺术有限公司,37651.96,1
北京快乐京林文化传播有限公司,37651.96,1
千和影业（北京）有限公,37651.96,1
星辉海外有限公司,2524.95;273226.86,2
上海艺言堂影视文化传播有限公司,5356.95,1
上海星蕴文化传播有限公司,5356.95,1
北京少城时代文化传播有限公司,5356.95,1
上海元都影视文化工作室,5356.95,1
上海舞心影视文化传播有限公司,5356.95,1
北京合众睿客影视文化传播有限公司,5356.95,1
工夫影业股份有限公司,5015.86;136843.87,2
群像文化传媒有限公司,5015.86,1
万达影业（香港）有限公司,136843.87,1
亚太未来影视（北京）有限公司,136843.87;40794.54,2
长生天影业,136843.87,1
上海爱美影视文化传媒有限公司,40794.54,1
浙江巨擎投资有限公司,40794.54,1
正在电影制作有限公司,19290.44,1
博雅德中国娱乐有限公司,9316.61,1
浙江强视传媒股份有限公司,1182.15,1
北京强视文化发展有限公司,1182.15,1
云南电影制片厂,8110.08,1
江苏华红影视投资有限公司,8110.08,1
北京盛世鼎典文化传媒有限公司,8110.08,1
东阳横店九天云影视文化工作室,8110.08,1
北京世纪千和文化投资有限公司,11408.44,1
浙江艺能传媒股份有限公司,9981.35;305.62,2
银河映像,9981.35,1
Shanghai Hairun Film & TV Production ,9981.35,1
无锡灵动力量文化传媒有限公司,9981.35,1
格瓦拉电影,9981.35,1
灵魂力量,9981.35,1
海润影视集团,9981.35,1
深圳电影制片厂有限公司,9981.35,1
宁夏电影集团有限公司,1256.9,1
北京大桥唐人影视传媒有限公司,1256.9;887.67,2
北京麒麟网信息科技有限公司,1256.9,1
北京华鸣星空国际文化传媒发展有限公司,1256.9,1
中视新影影业投资发展有限公司,1256.9,1
北京灵动力量文化传媒有限公司,1256.9,1
华夏视听环球传媒（北京）有限公司,16318.6;5390.25,2
萌影画（北京）文化传播有限公司,16318.6;6954.98,2
蓝海娱乐制作有限公司,20338.58;92.75;92.75,3
上海阆映影视文化传媒有限公司,439.99;437.61,2
酷锐赫兹（北京）影视文化有限公司,439.99;437.61,2
苏州市酷锐赫兹广告有限公司,439.99;437.61,2
上海锐晟文化传播中心,439.99;437.61,2
景德镇智博影业文化有限公司,19.26,1
深圳悠悠岁月文化发展有限公司,19.26,1
北京永利文化传媒有限责任公司,4728.92,1
深圳市汇业金石有限公司,4728.92,1
上海基美影业有限公司,779.56;780.66,2
喜洋洋电影工作坊有限公司,2373.34,1
上海盛星文化传播有限公司,329.28,1
道和影业有限公司,2928.53;6685.16,2
大泰影业,2928.53,1
浙江奇新世纪影业有限公司,2928.53,1
武汉玛雅动漫有限公司,1967.74,1
重庆新博浪影视文化传媒有限公司,32.75,1
重庆艾瑞斯影视传媒有限公司,32.75,1
重庆天文星影视传媒有限公司,32.75,1
北京华乐百合国际影视文化传媒,32.75,1
河南影视制作集团,11.96,1
大象出版社有限公司,11.96,1
中共河南省委宣传部,11.96,1
河南省广播电影电视剧,11.96,1
浙江本真影视发行有限公司,119.36,1
卡通先生影业有限公司,4440.69;2382.41;21245.1;6840.66;3600.03,5
湖南电视台金鹰卡通卫视,4440.69;5740.55;1798.54;790.94;790.94;1052.09;1052.09,7
广东电视台,4440.69,1
浙江电视台少儿频道,4440.69;5740.55,2
江苏吴都潇湘影视文化发展有限公司,575.08,1
乐视影业（天津）有限公司,22428.66;2920.82;24804.35,3
深圳华强数字动漫有限公司,22428.66;24804.35,2
深圳华强文化科技集团股份有限公司,22428.66;24804.35,2
乐视网信息技术（北京）股份有限公司,22428.66,1
飞狐信息技术（天津）有限公司,22428.66,1
北京艾美斯特影视文化有限公司,326.73,1
贵州都市虎子传媒有限责任公司,326.73,1
共青团中央网络影视中心,326.73;73.82,2
陕西先行文化发展有限责任公司,84.18,1
中共神木县委县政府,84.18,1
江苏省演艺集团有限公司,344.53,1
华建传媒集团有限公司,344.53,1
南京市文化投资控股（集团）有限责任公司,344.53;142.53;120.97,3
山西电影制片厂(有限公司),79.38;1051.55;13.4,3
中成影视文化有限公司,2162.19,1
韩兆工作室,2162.19,1
思楷乐文化传媒（北京）有限公司,2162.19,1
杭州嘉环文化创意有限公司,614.4,1
苏州秦时代文化有限公司,614.4,1
浙江叁盆控股集团有限公司,614.4,1
北京聚本文化传媒有限公司,1175.17,1
国影宣文化传媒（北京）有限公司,500.11,1
河北影龙文化传播有限公司,500.11,1
时代三和文化投资（北京）股份有限公司,1196.64,1
上海锦瑟文化传播有限公司,1196.64,1
深圳炫奇文化传播有限公司,1196.64,1
北京银幕地带文化有限公司,84.68,1
北京广大时代文化传播有限责任公司,179.56,1
四川意境天地文化传媒有限公司,179.56,1
珠海大卫文化传播有限公司,179.56,1
北京星光影美影视器材有限公司,179.56,1
百灵时代传媒集团有限公司,179.56,1
北京高尔东传影视文化传播有限公司,65.26,1
海颂传媒（中国）股份有限公司,404.33,1
北京天娱传媒有限公司,22169.31,1
和力辰光国际文化传媒（北京）有限公司,22169.31;49442.05;47952.73;288.64;44859.91;23711.92,6
杭州天马影视文化有限公司,5052.75,1
北京小马当红文化传媒有限公司,11180.46,1
浙江宁佑传媒有限公司,4720.91,1
江苏真慧影业有限公司,938.97,1
北京利川同人投资公司,938.97,1
北京真善美慧影业公司,938.97,1
道盛奇正（北京）管理咨询有限公司,938.97,1
杭州涌源文化艺术策划有限公司,938.97,1
龙标（北京）文化发展有限公司,2920.82,1
北京橙天拾捌经纪文化有限公司,2920.82,1
卧虎湾（北京）影视文化发展有限公司,2920.82,1
乐视影业（香港）有限公司,7336.79;21055.65;1652.68,3
麦颂影视投资（上海）有限公司,49442.05;47952.73;288.64;44859.91,4
可米必富影视文化（北京）有限公司,49442.05;47952.73;288.64;44859.91,4
北京中联传动影视文化有限公司,49442.05;47952.73;288.64,3
上海最世文化发展有限公司,49442.05;47952.73;288.64,3
昌荣传媒有限公司,944.12,1
北京中视广经文化发展有限公司,944.12,1
北京广义祯投资管理有限公司,944.12,1
国视经典影视制作投资有限公司,944.12,1
上海大盈影视文化传播有限公司,167.71,1
中天集团（甘肃）,167.71,1
恩比理（上海）投资咨询有限公司,167.71,1
利川市龙船调影视传媒公司,167.71,1
中共利川市委宣传部,167.71,1
北京达智兴盛文化传媒有限公司,167.71,1
梦想者电影（北京）有限公司,65276.9,1
北京华章东信文化投资有限公司,65276.9,1
长江出版传媒股份有限公司,65276.9,1
北京恒乐鲸影视文化发展有限公司,65276.9,1
新疆丝路秀文化产业投资有限公司,65276.9,1
青岛出版集团有限公司,65276.9,1
通江浮古影视基金,65276.9,1
深圳大盛国际传媒有限公司,44859.91,1
群星瑞智艺能有限公司,44859.91,1
安迈进国际影业股份有限公司,44859.91;1039.58,2
北京诺丁山文化传播有限公司,1541.2;35389.03,2
海宁静观w胜文化有限公司,1541.2,1
上海红星美凯龙投资有限公司,1541.2,1
北京麦锡尔文化传播有限公司,1541.2,1
北京悠蓝文化传媒有限公司,1541.2,1
中盟世纪（北京）传媒有限公司,14007.37,1
中盟世纪（北京）投资有限公司,14007.37,1
北京时代先锋影艺投资有限公司,14007.37,1
青岛凤凰影视传媒,14007.37,1
深圳市华强数字动漫有限公司,21245.1,1
上海欣亿传媒,21055.65,1
Starhaus Entertainment ,21055.65,1
Union investment Partners ,21055.65,1
美亚传媒,834.53,1
广州百田信息科技有限公司,834.53,1
弘图光合电影投资基金,834.53,1
业余时间影视投资有限公司,1875.14,1
河北玛西雅文化传播有限公司,1875.14,1
厦门美图网科技有限公司,1875.14,1
中辉华尚（北京）文化传播有限公司,1875.14,1
北京海华阳光影视文化传播有限公司,1875.14,1
Skydance Productions ,39373.97,1
5150 Action ,39373.97;37018.78,2
阿里影业,39373.97,1
Perfect Storm Entertainment ,39373.97,1
Sneaky Shark ,39373.97,1
天空之舞制片公司,39373.97,1
完美风暴娱乐,39373.97,1
美国派拉蒙影业公司,39373.97,1
美国天空之舞制片公司,39373.97,1
美国完美风暴娱乐公司,39373.97,1
美国狡猾鲨鱼制片公司,39373.97,1
Nickelodeon Movies ,37018.78,1
Gama Entertainment Partners ,37018.78,1
Platinum Dunes ,37018.78,1
美国尼克影业,37018.78,1
Province of British Columbia ,37018.78,1
Mednick Productions ,37018.78,1
Canadian Film or Video Production Tax Credit Program ,37018.78,1
China Movie Media Group ,37018.78,1
Smithrowe Entertainment ,37018.78,1
Gama Fi,37018.78,1
麒麟网（北京）影视文化传媒有限公司,179.39,1
麒丰（上海）影视制作有限公司,179.39,1
上海宝影广告传播有限公司,179.39,1
上海埃圣玛金属科技集团有限公司,179.39,1
风和投资管理咨询（上海）有限公司,179.39,1
北京盛洪觉文化传媒有限公司,179.39,1
青岛凤凰世纪传媒有限公司,76.91;18.38,2
青岛电影发行放映有限公司,76.91,1
北京龙火映画文化传播有限公司,76.91;18.38,2
青岛海洋传奇影视制作有限公司,76.91,1
青岛市电影发行放映公司,18.38,1
北京齐鲁兄弟影视制作有限公司,18.38,1
Film i Vast ,453.16,1
Filmgate Films ,453.16,1
荣诚国际文化传媒（北京）有限公司,326.23,1
秀诚文化传媒（北京）有限公司,326.23,1
云南民族电影制片厂,80.92;80.92,2
海宁东方画面影业有限公司,80.92;80.92;14383.14,3
云南中泰文化发展有限公司,80.92;80.92,2
中国文联电影艺术中心,80.92;80.92,2
中国文联艺术中心,80.92;80.92,2
亿星博纳影视无锡有限公司,80.92;80.92,2
厦门蓝火焰影视公司,39.61,1
乐众影业,39.61,1
山东电影制片厂,430.9,1
山东沃航文化传媒有限公司,430.9,1
山东龙视天下传媒集团有限公司,37.91,1
北京宏德辉煌文化投资有限公司,44.47,1
北京全唐盛世文化发展有限公司,733.63,1
容丞和悦（北京）影视传媒投资有限公司,733.63,1
重庆中闻凯帝影视传媒有限公司,861.57,1
重庆费洛蒙影视文化传播有限公司,861.57,1
北京艺鸿天成文化传媒有限公司,861.57,1
重庆保利万和院线,16.19,1
中国台湾和田电影有限公司,16.19,1
重庆南川刘凌电影工作室,16.19,1
上海炫映影视传播有限公司,134.06,1
上海铭承影视制作有限公司,384.19;355.02,2
上海元廷文化传媒有限公司,384.19;355.02,2
武汉银都文化传媒股份有限公司,3459.47,1
上海海上影业影视制作有限公司,3459.47;90045.7,2
上海神兵天将影业有限公司,506.99,1
上海美术电影制片厂,7.74;72.71;6085.88,3
河北西柏坡影视制作中心,7.74,1
中国移动动漫基地,5740.55;175.51,2
重庆电视台少儿频道,5740.55;5675.14,2
武汉电视台少儿频道,5740.55,1
成都市广播电视台少儿频道,5740.55,1
中国国际电视总公司,72.71,1
浙江环泰文化传播有限公司,72.71;432.49,2
中国广播电影电视节目交易中心,72.71;8393.75,2
上海肯米特唐华文化传媒股份有限公司,72.71,1
上海犹太难民纪念馆,72.71,1
深圳市世纪领军影业投资有限公司,2074.77,1
北京天际征鸿影业投资有限公司,2074.77,1
深圳泛亚中视文化传媒有限公司,2074.77,1
最高人民检察院影视中心,75.38,1
最高人民法院影视中心,75.38,1
北京市电影股份有限公司,75.38;37112.32,2
北京光影四季文化传播有限公司,75.38,1
北京繁荣顺达文化传媒有限公司,75.38,1
星际红缘国际传媒（北京）有限公司,75.38,1
浙江华乐盛视影视制作有限公司,75.38,1
北京衡源路德影视文化传媒中心,75.38,1
上海视金石动画有限公司,812.88;2119.87,2
广州金逸影视传媒股份有限公司,273226.86,1
比高集团有限公司,273226.86;800.99,2
上海天矢文化传播有限公司,273226.86;800.99,2
无锡辉驰影视文化发展有限公司,273226.86;800.99,2
奥飞影业（香港）有限公司,273226.86;2591.68,2
象山泽悦文化传播有限公司,273226.86,1
上海电影集团影视文化投资发展有限公司,273226.86,1
北京西河星汇影业有限公司,212.86;2867.93,2
北京厚生文化传媒有限公司,212.86,1
合信中金投资管理公司,28613.17;4320.7,2
浙江横店电影发行有限公司,1288.2;6620.23,2
北京天生之道文化艺术有限公司,1288.2,1
上海忧创影视文化有限公司,1288.2,1
北京优扬文化传媒有限公司,10166.93,1
海峡世纪（福建）影视文化有限公司,1217.9,1
华美时空影视文化传播有限公司,7582.47,1
郡嘉影视,6340.25,1
重庆少儿频道,6340.25,1
辽宁电视台,6340.25,1
山东青少频道,6340.25,1
福建少儿频道,6340.25,1
杭州少儿频道,6340.25,1
宁波少儿频道,6340.25,1
妈妈网,6340.25,1
中央电视台央视动画有限公司,8393.75;3722.38,2
鹿鸣影业有限公司,8393.75,1
中央电视台少儿频道,8393.75,1
中国广播电影节目交易中心,8393.75,1
上海锦瑟天下影视有限公司,321.61,1
大卫传媒投资有限公司,321.61,1
国民信托有限公司,321.61,1
浙江自在影业有限公司,321.61,1
上海以观传播有限公司,321.61,1
上海电影制片厂,210.56;3880.56;2406.3,3
江苏省广播电视总台,5675.14,1
土豆动漫,5675.14,1
国动动画,5675.14,1
领航传媒,5675.14,1
福建电视台少儿频道,5675.14,1
北京完美蓬瑞影视文化有限公司,27971.77,1
天津超导影视文化有限公司,27971.77,1
重庆太合电影投资合伙企业,27971.77,1
华谊兄弟太合影视投资有限公司,18349.05;18349.05,2
华人文化控股有限公司,18349.05;18349.05;32049.61,3
长城影视股份有限公司,18349.05;18349.05,2
宸铭影业（上海）有限公司,18349.05;18349.05,2
海宁壹线影视文化有限公司,18349.05;18349.05,2
君竹（上海）影视文化有限公司,18349.05;18349.05,2
捷成瑞吉影视传媒有限公司,18349.05;18349.05,2
上海尚孰投资有限公司,18349.05;18349.05;1803.99,3
深圳市东方富海投资管理有限公司,18349.05;18349.05,2
旗舰影业有限公司,18349.05;18349.05,2
旗舰影业,18349.05;18349.05,2
天翔制作有限公司,67775.03,1
耀莱文娱发展有限公司,67775.03,1
新余鸿蒙文化投资管理中心,67775.03,1
北京文资华夏影视文化投资管理中心,67775.03,1
宇昌烽影视投资管理有限公司,67775.03,1
上海梵摩影视制作有限公司,451.29,1
上海开圣影业文化传媒有限公司,451.29,1
开圣佳视（北京）文化传播有限公司,451.29,1
优业组合影视传媒,79.62,1
厦门维信投资公司,79.62,1
上海三味火文化投资有限公司,79.62,1
汇映国际影视,79.62,1
南派泛娱有限公司,90045.7,1
海上影业,90045.7,1
北京瓦力网络科技有限公司（小米互娱）,90045.7,1
上海承宗文化传播有限公司,90045.7,1
北京瓦力网络科技有限公司,90045.7,1
北京铁皮青蛙创意文化传播有限公司,175.51,1
北京华影文轩影视文化有限公司,175.51,1
中国传媒大学电视制作中心,175.51,1
此刻影视文化（北京）有限公司,355.02,1
德晋荣誉（北京）文化有限公司,355.02,1
越荣誉（北京）文化有限公司,355.02,1
广东咏声文化传播有限公司,3869.69;4481.63,2
上海磐石投资有限公司,3880.56,1
宁波新贵影视文化有限公司,290.45,1
华翔集团股份有限公司,290.45,1
三生（中国）健康产业有限公司,290.45,1
广州市耀辰影视传媒有限公司,290.45,1
湖南广播电视台,5390.25;13360.56,2
芒果影视文化（湖南）有限公司,5390.25,1
湖南志同道合影视文化有限公司,5390.25,1
于正（上海）影视文化工作室,5390.25,1
广州文化产业投资管理有限公司,821.88,1
东莞立生投资有限公司,821.88,1
南京毅刚文化传媒有限公司,142.53,1
南京启联科技有限公司,142.53,1
中共南京市委宣传部,142.53,1
江苏省文学艺术界联合会,142.53,1
南京加一点净化保健科技有限公司,142.53,1
江苏省广播电影电视局,142.53,1
浙江宏泰影视文化传播有限公司,8.2,1
云南大唐瓦舍文化传播有限公司,2406.3,1
上海上影电通影视文化传播有限公司,2406.3,1
北京星邦美纳娱乐文化传媒有限公司,173.35,1
北京首印传媒有限公司,173.35,1
上海华宇电影股份有限公司,459.87;2362.82,2
上海大锂文化传播有限公司,459.87,1
上海平台投资有限公司,459.87,1
上海紫竹文化传媒有限公司,459.87,1
百视通新媒体股份有限公司,6840.66;3600.03,2
南京广播电视台,6840.66;120.97,2
广东叁加壹文化传播有限公司,66.86,1
福建西岸传媒发展有限公司,159.24,1
北京连亚方舟影视娱乐有限公司,159.24,1
绍兴新锐传媒影视文化发展有限公司,642.28,1
上海广角镜影视文化传播有限公司,642.28,1
高志森制作有限公司,12.07,1
巨邦影业集团,702.65,1
巨邦国际控股有限公司,702.65,1
深圳市巨邦文化传播有限公司,702.65,1
北京电影学院深圳研究院,702.65,1
上海豪颖文化传播有限公司,119.74;1248.81;285.09,3
濠龙影视传媒（上海）有限公司,119.74,1
上海星狐影业有限公司,119.74,1
华闻影业（上海）有限公司,119.74;285.09,2
讯理影业（上海）有限公司,119.74;285.09,2
昆山方舟广告传媒有限公司,119.74,1
上海鼎集文化传播有限公司,1248.81,1
上海广而视之文化传媒有限公司,1248.81,1
南通千寻文化传播有限公司,1248.81,1
迅理影业（上海）有限公司,285.09,1
北京紫微光文化传媒有限公司,285.09,1
深圳世冠娱乐文化传播有限公司,120.95,1
北京中艺英纳文化传媒有限公司,517.04;374.0;374.0,3
悦丰传媒（天津）有限公司,517.04,1
天津涌熙投资咨询有限公司,517.04,1
广州中喜企业管理咨询有限公司,1324.66,1
佳景丽音文化传播有限公司,1324.66,1
上海香蕉影画影视文化传媒有限公司,1324.66,1
浙江华友文化创意有限公司,37.58,1
杭州奇门盾甲文化创意有限公司,37.58,1
杭州黑奥文化艺术策划有限公司,37.58,1
深海影视工作室,37.58,1
源动力文化传媒有限公司,37.58,1
浙江永乐影视制作有限公司,326.31,1
理想文化产业有限公司,326.31,1
北京中元盛艺文化传媒有限公司,97.95,1
深圳市海岸明珠文化传播有限公司,97.95,1
上海善喜影视传媒有限公司,301.45;432.49,2
扬州岭南文化发展有限公司,301.45,1
浙江东阳燕南影视有限公司,301.45,1
星悦毅宁（北京）文化传媒有限公司,301.45;382.94,2
上海艺都文化传播有限公司,10.16,1
北京中视寰影文化传媒中心,10.16,1
广东小猪班纳服饰股份有限公司,432.49,1
呼伦贝尔金马文化创意产业（影视）有限公司,20.98,1
一三一四摇篮影视文化传媒,491.06,1
上海米九影视文化有限公司,491.06,1
联能传媒有限公司,2247.52,1
烟台市广播电视台,2247.52,1
广州星慕文化发展机构,2247.52,1
青岛锦绣前程房地产开发有限公司,2247.52,1
北京泰耀文化工作室,2247.52,1
大唐风韵（北京）影视有限责任公司,35.23,1
贵州双龙实业集团有限公司,35.23,1
内蒙古天宇创新投资集团有限公司,35.23,1
北京花花世界文化传媒有限公司,742.63,1
北京银润影视文化有限公司,742.63,1
强大娱乐,742.63,1
中海外大拇指文化传媒股份有限公司,742.63,1
中海外大拇指传媒,742.63,1
北京世纪天中文化传媒有限公司,742.63,1
中博银晟（北京）文化传播有限公司,742.63,1
银润传媒集团,742.63,1
感动人生（北京）文化有限公司,330.55,1
上海琼洲影业有限公司,330.55,1
深圳美迅嘉润影业投资有限公司,903.78;992.41,2
西安曲江美霖影视文化有限合伙企业,992.41,1
广州知星影视文化有限公司,111.38,1
星睿影视文化传媒（北京）有限公司,111.38,1
唐城文化传媒股份有限公司,44.16,1
深圳市奥琪文体策划有限公司北京分公司,27.66,1
环球数码媒体科技研究（深圳）有限公司,4390.1;213.35,2
深圳市环球数码影视文化有限公司,3143.46,1
广东环球数码动画制作有限公司,213.35,1
秦州数字领海电影科技有限公司,8.76,1
江苏龙文振图动画制作有限公司,8.76,1
四川凹凸文化传播有限公司,88.83,1
北京海平面影视文化传播有限公司,970.77,1
四川通达艺鑫影视文化传播有限公司,32.58,1
四川英明影视文化艺术有限责任公司,121.19,1
北京京奇非凡影视文化有限公司,121.19,1
台湾魔力模力国际文化传播有限公司,121.19,1
北京新锐兄弟影视文化传媒有限公司,250.46,1
索宝（北京）国际影业投资有限公司,250.46,1
天津百逸互娱动漫有限公司,615.53,1
江西泰豪动漫有限公司,615.53,1
深圳伍壹捌动漫公司,553.82,1
天津市滨海新区青青树动漫科技有限公司,2358.47;2327.81,2
创意联盟制作有限公司,2254.12,1
北京金盛信马影视文化有限公司,2590.46,1
北京华谊兄弟创星娱乐科技股份有限公司,2590.46,1
大河影业扬州有限公司,2590.46,1
天津天马映像影业有限公司,2590.46,1
海南金盛信马影视文化有限公司,2590.46,1
上海乐不思蜀影视有限公司,2590.46,1
幸福蓝海影视文化集团股份有限公司,2590.46,1
西藏一格万象影视传媒有限公司,3424.78,1
睦谷富投资集团,49942.77,1
北京润锦投资有限公司,2867.93,1
北野武工作室,2867.93,1
北京金海岸数字图像科技有限责任公司,926.27,1
西安曲江影视集团,926.27,1
金海岸影业有限公司,926.27,1
省广合众（北京）国际传媒广告有限公司,35389.03,1
星光国际传媒（集团）有限公司,45720.22,1
星光灿烂香港国际传媒有限公司,45720.22,1
北京青青树动漫科技有限公司,2327.81,1
航美传媒集团,1688.95,1
吉林禹硕动漫游戏科技股份有限公司,1688.95,1
联创组影业公司,2732.78,1
五洲电影发行有限公司,6954.98,1
浙江宇佑影视传媒有限公司,6954.98,1
北京歌华传播中心有限公司,242.24,1
千色映画（北京）国际广告传媒有限公司,242.24,1
南京朱雀影视动画有限公司,120.97,1
南京日报报业集团,120.97,1
南京宝船厂遗址文化管理有限公司,120.97,1
派格太合环球传媒,25371.2,1
名威影业公司,25371.2,1
NetFlix ,25371.2,1
虎童基金,25371.2,1
Yucaipa Films ,25371.2,1
Film 44 ,25371.2,1
美国韦恩斯坦公司,25371.2,1
美国韦恩斯坦影业公司,25371.2,1
北京谷天传媒有限责任公司,1333.82,1
上海思远影视文化传播公司,6620.23,1
北京宣亚国际投资有限公司,6620.23,1
上海翡翠东方传播有限公司,6620.23,1
中视剧风（北京）文化传媒有限公司,6620.23,1
新华展望传媒有限公司,1333.07;1860.88;1860.88,3
上海青曦文化传播有限公司,1333.07,1
星宝环球有限公司,1860.88;1860.88,2
九龙品天影视文化无锡有限公司,1860.88;1860.88,2
阿里巴巴（娱乐宝）,1860.88;1860.88,2
海宁亚细亚传媒有限公司,17796.94,1
思美传媒股份有限公司,4903.27,1
恒信玺利实业股份有限公司,4903.27,1
北京二十一世纪盛凯影视文化交流有限公司,39691.56,1
开心麻花影业有限公司,98718.53,1
新丽电影,98718.53,1
北京思泽汇通影业发展有限公司,2362.82,1
上海三元影视有限公司,2362.82,1
杭州中闻影视有限公司,580.3,1
北京光影奇迹影视文化有限公司,394.45,1
北京凤仪文化传媒有限公司,377.02;55162.31;69988.82,3
维格文化,49.67,1
北京必合必达文化传播有限公司,49.67,1
北京恩臣投资管理有限公司,49.67,1
北京光影灵动文化传播有限公司,49.67,1
北京瑞盛太合文化传媒有限公司,233.63,1
中联智诚国际传媒广告（北京）有限公司,233.63,1
北京传奇美画影视文化有限公司,507.6,1
太原明大文化传媒有限公司,507.6,1
济南样逸坊经贸责任有限公司,374.0;374.0,2
中艺英纳影业（北京）有限公司,374.0;374.0,2
影视点制作有限公司,488.9,1
骄阳电影有限公司,79.87;3251.18,2
三七互娱（上海）科技有限公司,803.79;803.82,2
北京热麦国际影视文化传媒有限公司,667.93,1
北京渔阳集团,667.93,1
德福（天津）投资集团有限公司,667.93,1
中国民生银行股份有限公司,667.93,1
北京盛唐明象国际文化传播有限公司,225.48,1
北京玖阳晟禾科技有限公司,37271.69,1
北京星美嘉映影业有限公司,4547.17;1097.03,2
柏合丽娱乐传媒集团,1097.03;113.22,2
宽银慕电影制作有限公司,1097.03;113.22,2
宽银幕电影工作室,113.22,1
影童国际有限公司,113.22,1
北京快乐新升文化传播有限公司,26436.99;803.75,2
江苏众道影业投资有限公司,442.05,1
狮子山制作有限公司,470.71,1
壹马时代传媒（北京）有限公司,470.71,1
北京时越网络科技有限公司,31.53,1
北京艺亨东方教育科技有限责任公司,31.53,1
天映娱乐有限公司,4320.7,1
凯擘影艺股份有限公司,4320.7,1
突围电影制片公司,4320.7,1
北京国立常升影视文化传播有限公司,22740.65,1
GyaO ,4741.99,1
Kodansha Ltd. ,4741.99,1
Nippon Shuppan Hanbai (Nippan) K.K. ,4741.99,1
Shirogumi ,4741.99,1
Yahoo Japan ,4741.99,1
Robot ,4741.99,1
Nippon Television Network (NTV) ,4741.99,1
凤凰传奇影业有限公司,1803.99,1
影一制作所股份有限公司,1803.99,1
捷成瑞吉祥传媒有限公司,1803.99,1
绍兴市文化产业发展投资有限公司,1803.99,1
霍尔果斯捷成瑞吉祥影视传媒有限公司,1803.99,1
东阳捷成瑞吉祥影视传媒有限公司,1803.99,1
凤凰传奇影业,1803.99,1
无锡光合映画影视文化有限公司,92.75;92.75,2
蓝海娱乐有限公司,92.75;92.75,2
北京奥宁腾威广告有限公司,3756.88,1
广东广视传媒有限公司,3756.88,1
北京雨木星辰文化传播有限公司,3756.88,1
天佑（北京）文化传媒有限公司,3756.88,1
雪浪码头无锡传媒有限公司,800.99,1
春秋永乐影视文化投资（北京）有限公司,800.99,1
合一影业（香港）有限公司,800.99,1
上海刚泰影视传媒有限公司,800.99,1
浙江博瑞影视制作有限公司,9.61,1
河南枫岭影视传媒有限公司,9.61,1
浙江东阳言鼎影视传媒有限公司,9.61,1
浙江东阳四月天影视文化有限公司,887.67;3047.95;171.28;694.3;501.99;501.99;1406.14;903.16;402.16;555.15;223.41;1289.24;382.94,13
北京大悦天成国际文化传播有限公司,887.67;1289.24,2
山西求索文化传播有限公司,887.67;1406.14;1207.57,3
北京菲尔幕文化传媒有限公司,887.67;171.28;501.99;501.99;903.16;402.16;223.41,7
北京随缘文化发展有限公司,887.67;501.99;501.99;903.16;402.16,5
南京蝶蕴文化传媒有限公司,887.67;501.99;501.99;903.16,4
北京东方歌典文化传播有限公司,3047.95;1406.14;903.16;1207.57;402.16;223.41,6
山西菲尔幕文化传媒有限公司,171.28;501.99;501.99;903.16;402.16;555.15;223.41,7
北京泰格尔影视文化传媒有限公司,694.3,1
北京华伟影业有限公司,694.3,1
北京银狮影业文化传媒有限公司,501.99;501.99;903.16,3
北京电影家协会,41.94,1
山东美雪畅联文化影视传媒有限公司,41.94,1
湖北长江文化传播有限公司,177.62,1
北京游龙影视文化传媒有限责任公司,177.62,1
壹彤国际文化传媒（北京）有限公司,332.33,1
湖南昭宁影视文化传媒公司,380.44,1
北京开泰伟业文化传媒有限公司,1051.55,1
北京好好影业有限公司,1051.55,1
山西电影制片厂,1051.55,1
方金影视文化传播（北京）有限公司,555.15,1
北京菲儿幕文化传媒有限公司,555.15,1
北京鼎力同人影视文化中心,555.15,1
深圳市卡普辛一号影视传媒有限公司,223.41,1
凤凰影视文化有限公司,323.45,1
无锡勋奇影视文化有限公司,323.45,1
苏州中茵集团有限公司,323.45,1
武汉硕博投资有限公司,323.45,1
无锡华西文化产业有限公司,323.45,1
无锡国融投资有限公司,323.45,1
上海心悦禅边投资管理有限公司,323.45,1
无锡国家数字电影产业园,323.45,1
北京喜迎盛世影视文化发展有限公司,382.94,1
北京文星宇文化传媒有限公司,382.94,1
北京浩美百世文化发展有限公司,382.94,1
志存高远（北京）文化传媒有限公司,382.94,1
北京虎兔马影视文化发展有限公司,382.94,1
亚美世纪影视文化（北京）有限公司,382.94,1
浙江东世天承影视制作有限公司,305.62,1
智慧工场（北京）文化传媒有限公司,77.68,1
北京央广纵横文化传媒有限公司,77.68,1
中国人民解放军后勤保障部金盾影视中心,55.66,1
中国人民解放军总后勤保障部金盾影视中心,55.66,1
中易泓德（北京）文化传媒有限公司,55.66,1
山西子墨春秋影视文化有限公司,55.66,1
浙江唐德影视股份有限公司,3203.86,1
中影股份北京电影发行分公司,3203.86,1
北京心海迦源文化交流中心出品,3203.86,1
北京歌华有限电视网络股份有限公司,3203.86,1
中投中财基金管理有限公司,3203.86,1
爱若思国际传媒有限公司,3203.86,1
天津孔雀山文化传媒有限公司联合出品,3203.86,1
北京心海迦源文化交流中心,3203.86,1
天津孔雀山文化传媒有限公司,3203.86,1
北京博方文化传媒有限公司,3368.16,1
霍尔果斯市千易志诚文化传媒有限公司,3368.16,1
电影频道节目中心,3368.16,1
霍尔果斯千易志诚文化传媒有限公司,3368.16,1
烟台清泉影视文化有限公司,29.57,1
北京精点蓝数码电脑设计制作有限公司,29.57,1
加拿大元娱乐公司,3519.63,1
Stoney Lake Entertainment ,3519.63,1
香港星有限公司,14.97,1
香港mm2影视娱乐制作有限公司,14.97,1
韩国头陀渊电影公司,7692.99;7692.99,2
北京鸿水文化传媒有限公司,71.53,1
北京鸿水影业有限公司,71.53,1
中影数字院线（北京）有限公司,71.53,1
大连建业嘉和影视传媒有限公司,71.53,1
山东华富资产管理有限公司,71.53,1
天津建业嘉和影视制作有限公司,71.53,1
北京猎海影视有限公司,2.31,1
北京名将影视文化传播有限公司,2.31,1
山西作家影视艺术制作有限公司,2.31,1
重庆享弘影视股份有限公司,7.13,1
北京翼非凡文化传媒有限公司,102.65,1
长白山国际文化传媒有限公司,35.57,1
深圳市融资城影视资产管理中心有限公司,35.57,1
北京京程影视文化传播有限公司,35.57,1
北京博德金叶影视传媒有限公司,35.57,1
北京师范大学,35.57,1
北京师范大学教育基金会,35.57,1
北京丁荫楠影视文化传播中心有限公司,35.57,1
上海汪子琦文化传播有限公司,98.49,1
东映动画有限公司,711.14,1
广州金生江水文化传播公司,43.15,1
中国国际文化艺术中心,43.15,1
北京照山河文化传播公司,188.72,1
广州达力动漫有限公司,672.71,1
北京天河盛宴国际文化传媒有限公司,8238.7,1
凯德盛世（北京）投资管理有限公司,8238.7,1
和云筹（北京）网络科技有限公司,8238.7,1
峰威（上海）影视投资管理有限公司,6085.88,1
海秀娱乐,3282.89,1
海秀传媒(天津)有限公司,3282.89,1
大庆百湖影视传媒有限责任公司,3282.89,1
法国乌迪亚纳制作有限公司,3282.89,1
海秀娱乐（香港）有限公司,3282.89,1
东方光影国际影业有限公司,14383.14,1
紫岚德纳影视文化传媒（北京）有限公司,26.55,1
相信音乐唱片公司,1947.49,1
宝米数位有限公司,46.71;42.71;28.05,3
台北影业股份有限公司,46.71;234.11;1652.68;264.45;3657.79,5
阿荣企业有限公司,46.71;1652.68;264.45;3657.79,4
瀚草影视文化事业有限公司,46.71,1
北京和颂世纪文化传播有限公司,78643.09,1
香港晶艺电影事业有限公司,190.87,1
北京白泽国际影业有限责任公司,3.42,1
高雄人文化基金会,42.71;3657.79,2
影动亚洲有限公司,42.71,1
上海麦丹影视文化有限公司,196.48,1
杭州年糕文化艺术策划有限公司,196.48,1
上海荣仕广告有限公司,196.48,1
鸿臣影视制片厂,234.11,1
兴化市创星文化艺术传媒有限公司,25.82,1
大太阳（北京）影视制作有限公司,25.82,1
秦州市凤城河风景区管委会,25.82,1
江苏天宝置业有限公司,25.82,1
秦州嘉捷置业有限公司,25.82,1
秦州海林置业有限公司,25.82,1
无锡广播电视集团,163.85,1
北京丝宾丝文化传媒有限公司,163.85,1
惠州同人同业投资管理有限公司,163.85,1
库里电影股份有限公司,1652.68,1
广东二十一世纪传媒股份有限公司,1652.68,1
广东光和传媒有限公司,144.98,1
广州演出有限公司,144.98,1
佛山市顺德区乐看动漫设计有限公司,144.98,1
洛阳世为动漫发展有限公司,144.98,1
西安曲江宏梦卡通影视文化传播有限公司,22.18,1
湖南蓝猫动漫传媒有限公司,22.18,1
第五乐章文化传媒有限公司,22627.91,1
北京星美千易文化经纪有限公司,22627.91,1
南京文秀影视文化工作室,22627.91,1
海宁谦谦影业有限公司,22627.91,1
北京世纪华文文化传播有限公司,32.78,1
山东传奇文化产业有限公司,32.78,1
滨州传奇文化产业有限公司,32.78,1
映代码（北京）文化传媒有限公司,10.64,1
北京文睿众合文化传媒有限公司,10.64,1
神画制作有限公司,10.64,1
深圳市华浩文化传媒有限公司,57.0,1
北京诚信联盟国际影视文化有限公司,2813.02;166.87,2
北京必然秀文化传媒有限公司,342.33,1
ufo电影人制作有限公司,6085.24,1
群星瑞智国际娱乐股份有限公司,1039.58,1
居尔一拳有限公司,1039.58,1
兰州浩发影视传媒有限公司,3.69,1
重庆大地影业文化发展有限公司,11783.13,1
北京文传世纪国际广告有限公司,17617.84,1
东阳英皇影视制作有限公司,803.75,1
视点特艺（北京）数字技术有限公司,803.75,1
北京景鸿影业投资有限公司,66.22,1
美国kfm制作有限公司,66.22,1
陕西杨家将影视文化有限责任公司,347.25,1
北京诚成时代国际文化发展有限公司,347.25,1
北京烽云兴源文化传媒有限公司,347.25,1
汤臣国际娱乐发行有限公司,1391.42,1
韵影制作有限公司,1391.42,1
威海金马影视城有限公司,17.03,1
星木映像股份有限公司,264.45,1
昆山长凡波影视文化有限公司,5.58,1
江苏冠信影视传媒有限公司,5.58,1
武汉光亚文化艺术发展有限公司,29.11,1
湖北视纪印象科技股份有限公司,29.11,1
北京燕昌荣新技术有限公司,29.11,1
景德镇红都影业文化有限公司,29.11,1
开化千和影视文化有限公司,29.11,1
深圳旺发投资发展有限公司,29.11,1
北京徕玛风尚文化传媒有限公司,9.54,1
高先电影有限公司,53.87,1
北京光景世界影视文化有限公司,20.66,1
北京今典影业有限公司,404.34,1
北京东西音乐艺术制作有限公司,404.34,1
辽宁欧谷数字科技有限公司,404.34,1
深圳市中数文创资本管理有限公司,404.34,1
东越国际文化传媒（北京）有限责任公司,404.34,1
德方财富投资管理（大连）有限公司,404.34,1
文化中国传播集团,55162.31;69988.82,2
荷贝拉艺公司,55162.31;69988.82,2
火星电影公司,55162.31;69988.82,2
威邦奇公司,55162.31;69988.82,2
希罗迪亚集团,55162.31;69988.82,2
珠尔制片公司,55162.31;69988.82,2
北京京粤世纪文化传媒有限公司,23.55,1
天铭嘉业文化传媒投资有限公司,37.15,1
都市之窗（北京）文化传媒有限公司,37.15,1
淮安市淮阴区人民政府,14.39,1
江苏华娱动力传媒科技有限公司,14.39,1
浙江天鹏传媒有限公司,68.85,1
极越电影有限责任公司,68.85,1
北京大势渡文化传媒,489.77,1
四川传媒学院,149.73,1
知更鸟电脑艺术有限公司,149.73,1
善为多媒体有限公司,149.73,1
济南军区政治部电视艺术中心,19.87,1
松泽国际影业,1353.3,1
北京岐波盛世文化传媒有限公司,28.05,1
北京真之影文化发展有限公司,28.05,1
苏州抹天印画文化发展有限公司,28.05,1
武汉左右影视制作有限公司,101.64,1
湖北省检察官协会,101.64,1
湖南潇影第二影业有限公司,74.52,1
湖南锦绣神州影视文化有限公司,74.52,1
共青团中央宣传部,74.52,1
珠海怡华通投资有限公司,74.52,1
湖北远东卓越影视传媒有限公司,2736.4,1
浙江泰嘉影业股份有限公司,1.07,1
杭州亚妮影业有限公司,1.07,1
唯优印象（北京）文化传媒有限公司,1.07,1
北京昆仑阳光影视文化传播有限公司,1.07,1
荷意影业发展（天津）有限公司,369.33,1
万程影业制作有限公司,369.33,1
北京正君文化传媒有限公司,2.13,1
重庆金佛山文化传媒有限公司,14.56,1
全国中小学电影教育供片中心,14.56,1
康斯坦丁影业公司,10848.96,1
拾万电影制作有限公司,117.91,1
北京中视达国际传媒有限公司,3366.88,1
古京文化创意产业发展有限公司,3366.88,1
重庆踏雪寻梅影视策划工作室,3.57,1
海南仙寮投资有限公司,44.37,1
学者国际多媒体股份有限公司,166.87,1
南京仙中影视传媒有限公司,166.87,1
见证分享（北京）文化投资有限公司,166.87,1
金星汇影艺文化有限公司,166.87,1
北京万合天宜影视文化有限公司,32049.61,1
上海亭东影业有限公司,32049.61,1
真实传媒有限公司,77.75,1
北京天脉兄弟影视艺术有限公司,6.43,1
恩施华硒影视文化传媒有限公司,6.43,1
湖北省恩施州广播电影电视局,6.43,1
湖北省宣恩县旅游局,6.43,1
北京中奥影迪动画制作有限公司,156.36,1
凯天网络有限责任公司,156.36,1
上海视野影视有限公司,504.35,1
江苏苏南特种装备集团,504.35,1
夜线影业,637.8,1
日舞国际娱乐股份有限公司,280.04,1
金是传媒行销企业有限公司,280.04,1
犀利电影股份有限公司,280.04,1
王佩华工作室有限公司,280.04,1
阿德曼动画公司,4884.89,1
Anton Capital Entertainment (ACE) ,4884.89,1
飞升国际娱乐有限公司,1046.99,1
北京东方紫云影视公司,67.9,1
东宝盛世国际影视文化（北京）有限公司,67.9,1
东尼斯国际文化有限公司,67.9,1
北京大楚长歌影视文化有限公司,8185.89,1
北京合力映画影视文化传媒有限公司,8185.89,1
成都明羽文化传播有限公司,13.4,1
北京上元中太国际文化发展有限公司,19.96,1
北京龙尚国际文化传播有限公司,19.96,1
杭州今古时代电影制作有限公司,8.12,1
杭州明朗影视制作有限公司,8.12,1
福建太阳山影视文化发展有限公司,8.12,1
福建时代高峰影业有限公司,8.12,1
奉化市广播电视中心,8.12,1
宁波市司法局,8.12,1
中舜影业有限公司,73.82,1
北京果然精彩文化传媒有限公司,73.82,1
欢乐电影（上海）有限公司,3251.18,1
星焕蓝海制作有限公司,3251.18,1
第九单位制作有限公司,553.88,1
